employee_id,resumption_date,resumption_time,closing_date,closing_time,hours_worked,overtime_hours,status
100,2026-08-25,12:03:31,2026-08-25,16:07:20,4.06,0.0,OK
100,2026-08-26,06:33:07,2026-08-26,19:19:11,12.77,4.77,OK
100,2026-08-27,06:39:55,2026-08-27,19:47:41,13.13,5.13,OK
100,2026-08-28,06:26:13,2026-08-28,17:15:11,10.82,2.82,OK
100,2026-09-01,18:36:38,2026-09-02,08:13:23,13.61,5.61,OK
100,2026-09-03,06:45:47,2026-09-03,19:22:58,12.62,4.62,OK
100,2026-09-04,18:40:02,2026-09-05,08:29:09,13.82,5.82,OK
100,2026-09-07,07:02:45,2026-09-07,17:17:48,10.25,2.25,OK
100,2026-09-08,06:58:26,2026-09-08,18:40:15,11.7,3.7,OK
100,2026-09-09,06:45:46,2026-09-09,16:34:43,9.82,1.82,OK
100,2026-09-10,06:40:12,2026-09-10,19:25:44,12.76,4.76,OK
100,2026-09-11,06:53:15,2026-09-11,19:19:27,12.44,4.44,OK
100,2026-09-14,06:50:16,2026-09-14,19:17:38,12.46,4.46,OK
100,2026-09-15,06:54:44,2026-09-15,19:53:57,12.99,4.99,OK
100,2026-09-16,16:43:43,2026-09-16,18:07:54,1.4,0.0,OK
100,2026-09-17,18:12:23,2026-09-18,07:49:57,13.63,5.63,OK
100,2026-09-18,18:21:22,2026-09-19,07:16:55,12.93,4.93,OK
100,2026-09-21,06:40:55,2026-09-21,19:37:19,12.94,4.94,OK
100,2026-09-22,06:56:52,2026-09-22,11:18:28,4.36,0.0,OK
101,2026-08-26,06:46:07,2026-08-26,19:11:51,12.43,4.43,OK
101,2026-08-27,07:05:30,2026-08-27,19:46:42,12.69,4.69,OK
101,2026-08-28,07:11:05,2026-08-28,17:14:43,10.06,2.06,OK
101,2026-09-01,18:32:47,2026-09-02,07:44:47,13.2,5.2,OK
101,2026-09-03,06:48:07,2026-09-03,19:25:00,12.61,4.61,OK
101,2026-09-04,18:27:33,2026-09-05,08:29:55,14.04,6.04,OK
101,2026-09-07,07:06:46,2026-09-07,17:18:39,10.2,2.2,OK
101,2026-09-08,06:43:26,2026-09-08,18:43:20,12.0,4.0,OK
101,2026-09-09,06:59:04,2026-09-09,19:11:00,12.2,4.2,OK
101,2026-09-10,06:39:53,2026-09-10,19:20:43,12.68,4.68,OK
101,2026-09-11,06:39:22,2026-09-11,19:39:51,13.01,5.01,OK
101,2026-09-14,09:41:27,2026-09-14,19:17:32,9.6,1.6,OK
101,2026-09-15,06:45:07,2026-09-15,20:06:36,13.36,5.36,OK
101,2026-09-17,18:37:54,2026-09-18,07:43:36,13.1,5.1,OK
101,2026-09-18,18:38:38,2026-09-19,07:22:53,12.74,4.74,OK
101,2026-09-21,06:41:23,2026-09-21,19:37:51,12.94,4.94,OK
101,2026-09-22,06:55:33,2026-09-22,19:10:22,12.25,4.25,OK
101,2026-09-23,06:53:41,2026-09-23,17:15:29,10.36,2.36,OK
101,2026-09-24,07:29:21,2026-09-24,17:20:33,9.85,1.85,OK
102,2026-08-26,07:19:44,2026-08-26,19:36:31,12.28,4.28,OK
102,2026-08-27,07:23:14,2026-08-27,19:27:20,12.07,4.07,OK
102,2026-08-28,07:15:26,2026-08-28,18:11:17,10.93,2.93,OK
102,2026-08-31,07:30:24,2026-08-31,17:53:42,10.39,2.39,OK
102,2026-09-01,07:31:36,2026-09-01,19:24:05,11.87,3.87,OK
102,2026-09-02,07:21:49,2026-09-02,19:13:59,11.87,3.87,OK
102,2026-09-03,07:37:58,2026-09-03,19:09:02,11.52,3.52,OK
102,2026-09-04,07:44:48,2026-09-04,20:18:21,12.56,4.56,OK
102,2026-09-07,07:45:34,2026-09-07,17:09:27,9.4,1.4,OK
102,2026-09-08,07:45:46,2026-09-08,18:51:57,11.1,3.1,OK
102,2026-09-09,07:25:12,2026-09-09,19:11:25,11.77,3.77,OK
102,2026-09-10,07:47:09,2026-09-10,19:00:40,11.23,3.23,OK
102,2026-09-11,07:33:05,2026-09-11,20:29:36,12.94,4.94,OK
102,2026-09-14,07:23:50,2026-09-14,19:32:04,12.14,4.14,OK
102,2026-09-15,07:36:16,2026-09-15,20:20:12,12.73,4.73,OK
102,2026-09-16,07:17:59,2026-09-16,19:40:00,12.37,4.37,OK
102,2026-09-17,07:22:26,2026-09-17,20:04:46,12.71,4.71,OK
102,2026-09-18,07:20:57,2026-09-21,19:23:41,84.05,76.05,OK
102,2026-09-21,07:17:07,2026-09-21,19:23:41,12.11,4.11,OK
102,2026-09-22,07:31:44,2026-09-22,19:11:20,11.66,3.66,OK
102,2026-09-23,07:33:02,2026-09-23,18:24:22,10.86,2.86,OK
102,2026-09-24,07:35:14,2026-09-24,17:51:36,10.27,2.27,OK
104,2026-08-25,12:03:52,2026-08-25,16:07:35,4.06,0.0,OK
104,2026-08-26,06:50:47,2026-08-26,19:20:13,12.49,4.49,OK
104,2026-08-27,06:39:49,2026-08-27,19:48:28,13.14,5.14,OK
104,2026-08-31,07:07:15,2026-08-31,17:18:21,10.18,2.18,OK
104,2026-09-01,06:52:06,2026-09-01,19:20:17,12.47,4.47,OK
104,2026-09-02,07:02:11,2026-09-02,19:23:22,12.35,4.35,OK
104,2026-09-04,07:07:01,2026-09-04,19:21:08,12.24,4.24,OK
104,2026-09-10,06:39:37,2026-09-10,19:21:37,12.7,4.7,OK
104,2026-09-11,18:49:54,2026-09-12,07:17:15,12.46,4.46,OK
104,2026-09-14,06:54:00,2026-09-14,19:24:55,12.52,4.52,OK
104,2026-09-15,07:12:14,2026-09-15,19:56:16,12.73,4.73,OK
104,2026-09-16,06:56:35,2026-09-16,19:31:59,12.59,4.59,OK
104,2026-09-17,06:32:09,2026-09-17,19:23:37,12.86,4.86,OK
104,2026-09-18,06:54:32,2026-09-18,19:22:43,12.47,4.47,OK
104,2026-09-21,06:41:12,2026-09-22,19:18:11,36.62,28.62,OK
104,2026-09-21,19:37:48,2026-09-22,19:18:11,23.67,15.67,OK
104,2026-09-22,06:40:18,2026-09-22,19:18:11,12.63,4.63,OK
105,2026-08-26,06:20:19,2026-08-26,19:13:23,12.88,4.88,OK
105,2026-08-27,06:26:35,2026-08-27,19:47:06,13.34,5.34,OK
105,2026-08-28,06:34:21,2026-08-28,17:11:42,10.62,2.62,OK
105,2026-09-01,18:34:25,2026-09-02,07:43:16,13.15,5.15,OK
105,2026-09-03,06:14:56,2026-09-03,19:17:20,13.04,5.04,OK
105,2026-09-07,06:31:13,2026-09-07,17:18:15,10.78,2.78,OK
105,2026-09-08,06:28:12,2026-09-08,18:42:25,12.24,4.24,OK
105,2026-09-09,06:28:54,2026-09-09,19:10:43,12.7,4.7,OK
105,2026-09-10,06:24:41,2026-09-10,19:23:58,12.99,4.99,OK
105,2026-09-11,06:26:25,2026-09-11,19:21:01,12.91,4.91,OK
105,2026-09-14,06:27:50,2026-09-14,19:17:10,12.82,4.82,OK
105,2026-09-15,06:30:49,2026-09-15,19:27:23,12.94,4.94,OK
105,2026-09-17,18:09:06,2026-09-18,07:44:39,13.59,5.59,OK
105,2026-09-18,07:43:24,2026-09-18,07:44:39,0.02,0.0,OK
105,2026-09-18,18:06:41,2026-09-19,07:18:59,13.2,5.2,OK
105,2026-09-21,06:10:26,2026-09-21,19:29:12,13.31,5.31,OK
105,2026-09-22,06:23:06,2026-09-22,19:12:52,12.83,4.83,OK
105,2026-09-23,06:36:27,2026-09-23,17:12:54,10.61,2.61,OK
105,2026-09-24,07:42:04,2026-09-24,17:10:40,9.48,1.48,OK
106,2026-08-27,06:51:26,2026-08-27,19:51:06,12.99,4.99,OK
106,2026-08-31,07:12:32,2026-08-31,18:03:37,10.85,2.85,OK
106,2026-09-01,07:04:06,2026-09-01,19:24:37,12.34,4.34,OK
106,2026-09-02,07:07:40,2026-09-02,19:21:10,12.22,4.22,OK
106,2026-09-03,07:10:59,2026-09-03,19:18:31,12.13,4.13,OK
106,2026-09-04,07:05:59,2026-09-10,19:21:21,156.26,148.26,OK
106,2026-09-04,19:14:22,2026-09-10,19:21:21,144.12,136.12,OK
106,2026-09-10,07:02:42,2026-09-10,19:21:21,12.31,4.31,OK
106,2026-09-11,18:45:17,2026-09-12,07:14:05,12.48,4.48,OK
106,2026-09-14,07:13:30,2026-09-16,19:20:03,60.11,52.11,OK
106,2026-09-16,07:01:01,2026-09-16,19:20:03,12.32,4.32,OK
106,2026-09-17,07:03:09,2026-09-17,19:24:21,12.35,4.35,OK
106,2026-09-18,07:06:18,2026-09-18,19:18:35,12.2,4.2,OK
106,2026-09-21,08:28:37,2026-09-21,19:40:08,11.19,3.19,OK
106,2026-09-22,07:02:59,2026-09-22,19:15:33,12.21,4.21,OK
108,2026-08-26,06:42:31,2026-08-26,19:23:08,12.68,4.68,OK
108,2026-08-27,06:58:06,2026-08-27,19:00:16,12.04,4.04,OK
108,2026-08-28,06:42:24,2026-08-28,17:34:39,10.87,2.87,OK
108,2026-08-31,06:59:07,2026-08-31,18:19:58,11.35,3.35,OK
108,2026-09-01,06:39:58,2026-09-01,20:58:45,14.31,6.31,OK
108,2026-09-02,06:42:12,2026-09-02,20:36:42,13.91,5.91,OK
108,2026-09-03,06:35:47,2026-09-03,19:57:45,13.37,5.37,OK
108,2026-09-04,06:30:29,2026-09-04,19:55:28,13.42,5.42,OK
108,2026-09-06,13:02:02,2026-09-06,18:43:27,5.69,0.0,OK
108,2026-09-07,06:42:06,2026-09-07,17:19:23,10.62,2.62,OK
108,2026-09-08,06:37:05,2026-09-08,19:24:21,12.79,4.79,OK
108,2026-09-09,06:37:51,2026-09-09,19:04:08,12.44,4.44,OK
108,2026-09-10,06:46:22,2026-09-10,19:28:36,12.7,4.7,OK
108,2026-09-11,06:32:55,2026-09-11,20:36:58,14.07,6.07,OK
108,2026-09-14,06:43:58,2026-09-14,19:27:12,12.72,4.72,OK
108,2026-09-15,06:31:06,2026-09-15,19:45:26,13.24,5.24,OK
108,2026-09-16,06:39:32,2026-09-16,19:30:33,12.85,4.85,OK
108,2026-09-17,06:50:08,2026-09-17,21:10:33,14.34,6.34,OK
108,2026-09-18,06:31:46,2026-09-18,21:14:51,14.72,6.72,OK
108,2026-09-19,07:51:37,2026-09-19,14:55:35,7.07,0.0,OK
108,2026-09-21,06:33:30,2026-09-21,19:20:39,12.79,4.79,OK
108,2026-09-22,06:56:12,2026-09-23,18:08:48,35.21,27.21,OK
108,2026-09-23,06:31:14,2026-09-23,18:08:48,11.63,3.63,OK
108,2026-09-24,06:59:37,2026-09-24,17:18:25,10.31,2.31,OK
109,2026-08-26,06:47:15,2026-08-26,19:10:38,12.39,4.39,OK
109,2026-08-27,06:30:08,2026-08-27,19:46:25,13.27,5.27,OK
109,2026-08-31,06:44:17,2026-08-31,17:19:41,10.59,2.59,OK
109,2026-09-01,06:39:11,2026-09-01,19:20:49,12.69,4.69,OK
109,2026-09-02,07:14:11,2026-09-02,19:25:30,12.19,4.19,OK
109,2026-09-03,06:44:35,2026-09-03,19:19:11,12.58,4.58,OK
109,2026-09-04,06:41:38,2026-09-04,19:31:40,12.83,4.83,OK
109,2026-09-10,09:54:44,2026-09-10,19:25:37,9.51,1.51,OK
109,2026-09-11,18:01:04,2026-09-12,07:16:00,13.25,5.25,OK
109,2026-09-14,06:53:50,2026-09-14,19:20:55,12.45,4.45,OK
109,2026-09-15,06:44:00,2026-09-15,19:35:02,12.85,4.85,OK
109,2026-09-16,06:50:53,2026-09-16,19:31:40,12.68,4.68,OK
109,2026-09-17,06:49:29,2026-09-17,19:22:37,12.55,4.55,OK
109,2026-09-18,06:49:07,2026-09-18,19:21:44,12.54,4.54,OK
109,2026-09-21,06:41:28,2026-09-21,19:36:16,12.91,4.91,OK
109,2026-09-22,06:45:33,2026-09-22,19:18:22,12.55,4.55,OK
110,2026-08-26,07:06:29,2026-08-26,19:17:40,12.19,4.19,OK
110,2026-08-27,07:08:18,2026-08-27,19:50:41,12.71,4.71,OK
110,2026-08-28,07:20:28,2026-08-28,17:39:47,10.32,2.32,OK
110,2026-09-01,18:54:33,2026-09-02,07:30:28,12.6,4.6,OK
110,2026-09-03,07:06:39,2026-09-03,19:21:14,12.24,4.24,OK
110,2026-09-04,19:02:32,2026-09-05,08:31:25,13.48,5.48,OK
110,2026-09-07,07:23:01,2026-09-07,17:19:01,9.93,1.93,OK
110,2026-09-08,07:06:32,2026-09-08,18:51:05,11.74,3.74,OK
110,2026-09-09,07:09:33,2026-09-09,19:15:02,12.09,4.09,OK
110,2026-09-14,07:54:09,2026-09-14,19:20:46,11.44,3.44,OK
110,2026-09-15,07:01:44,2026-09-15,19:57:42,12.93,4.93,OK
110,2026-09-17,18:46:18,2026-09-18,07:18:44,12.54,4.54,OK
110,2026-09-18,18:49:29,2026-09-19,07:21:05,12.53,4.53,OK
110,2026-09-21,06:58:47,2026-09-21,19:39:53,12.68,4.68,OK
110,2026-09-22,07:00:59,2026-09-23,17:14:24,34.22,26.22,OK
110,2026-09-22,19:15:19,2026-09-23,17:14:24,21.98,13.98,OK
110,2026-09-23,06:54:47,2026-09-23,17:14:24,10.33,2.33,OK
110,2026-09-24,07:52:12,2026-09-24,17:17:06,9.41,1.41,OK
111,2026-08-26,07:02:57,2026-08-26,19:39:04,12.6,4.6,OK
111,2026-08-27,07:06:15,2026-08-27,19:53:03,12.78,4.78,OK
111,2026-08-28,07:04:51,2026-08-28,18:48:56,11.73,3.73,OK
111,2026-08-31,07:08:08,2026-08-31,19:21:38,12.22,4.22,OK
111,2026-09-02,06:55:08,2026-09-02,20:18:54,13.4,5.4,OK
111,2026-09-03,07:00:40,2026-09-03,19:28:58,12.47,4.47,OK
111,2026-09-04,06:57:37,2026-09-04,19:07:40,12.17,4.17,OK
111,2026-09-07,07:08:44,2026-09-07,17:27:02,10.3,2.3,OK
111,2026-09-09,07:07:00,2026-09-09,19:23:48,12.28,4.28,OK
111,2026-09-10,07:07:14,2026-09-10,19:27:15,12.33,4.33,OK
111,2026-09-11,06:54:11,2026-09-11,19:16:37,12.37,4.37,OK
111,2026-09-14,07:04:12,2026-09-14,19:28:46,12.41,4.41,OK
111,2026-09-15,07:02:47,2026-09-15,19:59:23,12.94,4.94,OK
111,2026-09-16,07:01:22,2026-09-16,20:01:18,13.0,5.0,OK
111,2026-09-17,07:00:21,2026-09-17,19:33:33,12.55,4.55,OK
111,2026-09-18,07:05:01,2026-09-18,19:27:10,12.37,4.37,OK
111,2026-09-21,07:07:20,2026-09-21,19:44:40,12.62,4.62,OK
111,2026-09-22,07:00:33,2026-09-22,19:53:29,12.88,4.88,OK
111,2026-09-23,07:01:56,2026-09-23,18:44:54,11.72,3.72,OK
111,2026-09-24,07:05:05,2026-09-24,18:26:23,11.36,3.36,OK
114,2026-08-26,06:36:02,2026-08-26,17:21:11,10.75,2.75,OK
114,2026-08-27,06:52:13,2026-08-27,17:04:26,10.2,2.2,OK
114,2026-08-28,06:34:59,2026-08-28,15:32:17,8.96,0.96,OK
114,2026-08-31,14:00:00,2026-08-31,19:17:20,5.29,0.0,OK
114,2026-09-01,06:36:56,2026-09-01,21:06:50,14.5,6.5,OK
114,2026-09-02,06:48:12,2026-09-02,20:30:53,13.71,5.71,OK
114,2026-09-03,06:38:39,2026-09-03,19:30:07,12.86,4.86,OK
114,2026-09-04,06:39:41,2026-09-04,19:55:40,13.27,5.27,OK
114,2026-09-07,06:42:22,2026-09-07,17:06:27,10.4,2.4,OK
114,2026-09-08,06:41:55,2026-09-08,19:24:42,12.71,4.71,OK
114,2026-09-10,06:43:48,2026-09-10,19:09:55,12.44,4.44,OK
114,2026-09-11,06:32:34,2026-09-11,20:24:27,13.86,5.86,OK
114,2026-09-14,06:34:42,2026-09-14,19:33:12,12.98,4.98,OK
114,2026-09-15,06:40:51,2026-09-15,19:24:08,12.72,4.72,OK
114,2026-09-16,06:34:49,2026-09-16,18:11:42,11.61,3.61,OK
114,2026-09-17,06:45:20,2026-09-17,21:10:20,14.42,6.42,OK
114,2026-09-18,06:38:51,2026-09-18,21:17:43,14.65,6.65,OK
114,2026-09-19,07:47:49,2026-09-19,14:41:52,6.9,0.0,OK
114,2026-09-22,06:29:51,2026-09-22,19:12:46,12.72,4.72,OK
114,2026-09-23,06:51:10,2026-09-23,18:07:40,11.28,3.28,OK
114,2026-09-24,07:15:24,2026-09-24,17:03:43,9.81,1.81,OK
117,2026-08-26,06:40:32,2026-08-27,19:45:36,37.08,29.08,OK
117,2026-08-27,06:39:10,2026-08-27,19:45:36,13.11,5.11,OK
117,2026-08-31,06:43:45,2026-08-31,17:14:32,10.51,2.51,OK
117,2026-09-01,06:38:54,2026-09-01,19:18:07,12.65,4.65,OK
117,2026-09-02,06:39:37,2026-09-03,19:18:51,36.65,28.65,OK
117,2026-09-03,06:41:28,2026-09-03,19:18:51,12.62,4.62,OK
117,2026-09-04,06:46:32,2026-09-04,19:18:49,12.54,4.54,OK
117,2026-09-10,06:35:01,2026-09-10,19:15:09,12.67,4.67,OK
117,2026-09-11,18:32:52,2026-09-12,07:15:37,12.71,4.71,OK
117,2026-09-14,06:47:12,2026-09-14,19:21:22,12.57,4.57,OK
117,2026-09-15,06:43:55,2026-09-15,19:27:36,12.73,4.73,OK
117,2026-09-16,06:47:22,2026-09-16,19:11:57,12.41,4.41,OK
117,2026-09-17,06:46:11,2026-09-17,19:10:23,12.4,4.4,OK
117,2026-09-18,06:42:28,2026-09-18,19:20:15,12.63,4.63,OK
117,2026-09-21,06:54:39,2026-09-21,19:25:12,12.51,4.51,OK
117,2026-09-22,06:48:14,2026-09-22,19:09:39,12.36,4.36,OK
118,2026-08-26,06:46:44,2026-08-26,19:31:27,12.75,4.75,OK
118,2026-08-27,07:11:52,2026-08-27,19:51:35,12.66,4.66,OK
118,2026-08-28,07:14:45,2026-08-28,17:17:18,10.04,2.04,OK
118,2026-09-04,18:35:25,2026-09-05,08:47:38,14.2,6.2,OK
118,2026-09-07,07:01:30,2026-09-07,17:22:33,10.35,2.35,OK
118,2026-09-08,06:46:21,2026-09-08,18:41:30,11.92,3.92,OK
118,2026-09-09,06:55:07,2026-09-09,19:11:38,12.28,4.28,OK
118,2026-09-10,06:55:04,2026-09-10,19:39:21,12.74,4.74,OK
118,2026-09-11,06:49:44,2026-09-11,20:42:25,13.88,5.88,OK
118,2026-09-14,07:09:07,2026-09-14,19:18:38,12.16,4.16,OK
118,2026-09-15,06:59:00,2026-09-15,20:02:12,13.05,5.05,OK
118,2026-09-17,18:42:58,2026-09-18,08:54:21,14.19,6.19,OK
118,2026-09-18,18:40:19,2026-09-19,07:37:06,12.95,4.95,OK
118,2026-09-21,07:02:24,2026-09-21,19:56:09,12.9,4.9,OK
118,2026-09-22,06:52:14,2026-09-22,19:24:17,12.53,4.53,OK
118,2026-09-23,07:01:36,2026-09-23,17:14:52,10.22,2.22,OK
118,2026-09-24,07:01:14,2026-09-24,17:12:47,10.19,2.19,OK
119,2026-08-27,07:21:47,2026-08-27,10:09:08,2.79,0.0,OK
119,2026-08-31,06:59:41,2026-08-31,17:22:12,10.38,2.38,OK
119,2026-09-01,06:57:39,2026-09-01,19:57:52,13.0,5.0,OK
119,2026-09-02,07:11:11,2026-09-02,19:43:18,12.54,4.54,OK
119,2026-09-03,07:01:20,2026-09-03,19:55:55,12.91,4.91,OK
119,2026-09-04,06:56:49,2026-09-04,19:54:57,12.97,4.97,OK
119,2026-09-10,07:05:23,2026-09-10,19:39:48,12.57,4.57,OK
119,2026-09-11,18:54:46,2026-09-12,07:46:29,12.86,4.86,OK
119,2026-09-14,07:09:58,2026-09-14,19:42:28,12.54,4.54,OK
119,2026-09-15,07:00:16,2026-09-15,20:03:23,13.05,5.05,OK
119,2026-09-16,07:02:50,2026-09-16,19:42:37,12.66,4.66,OK
119,2026-09-17,07:02:55,2026-09-17,20:08:55,13.1,5.1,OK
119,2026-09-18,06:55:43,2026-09-21,19:24:43,84.48,76.48,OK
119,2026-09-18,20:10:19,2026-09-21,19:24:43,71.24,63.24,OK
119,2026-09-21,07:04:02,2026-09-21,19:24:43,12.34,4.34,OK
119,2026-09-22,07:07:28,2026-09-22,19:24:07,12.28,4.28,OK
12,2026-08-25,07:50:45,2026-08-25,17:16:27,9.43,1.43,OK
12,2026-08-26,07:38:25,2026-08-26,18:03:11,10.41,2.41,OK
12,2026-08-27,07:52:13,2026-08-27,17:44:22,9.87,1.87,OK
12,2026-08-28,07:29:21,2026-08-28,17:24:08,9.91,1.91,OK
12,2026-08-31,07:51:49,2026-08-31,17:27:02,9.59,1.59,OK
12,2026-09-01,07:49:13,2026-09-01,18:41:18,10.87,2.87,OK
12,2026-09-02,07:42:14,2026-09-02,18:57:57,11.26,3.26,OK
12,2026-09-03,07:31:05,2026-09-03,18:29:35,10.98,2.98,OK
12,2026-09-04,07:47:51,2026-09-04,18:47:09,10.99,2.99,OK
12,2026-09-05,09:04:48,2026-09-05,14:17:11,5.21,0.0,OK
12,2026-09-07,07:52:24,2026-09-07,18:01:04,10.14,2.14,OK
12,2026-09-08,07:27:18,2026-09-08,18:27:12,11.0,3.0,OK
12,2026-09-09,07:23:02,2026-09-09,17:46:54,10.4,2.4,OK
12,2026-09-10,06:54:01,2026-09-10,18:17:07,11.38,3.38,OK
12,2026-09-11,07:26:30,2026-09-11,19:20:39,11.9,3.9,OK
12,2026-09-14,07:45:21,2026-09-14,18:00:03,10.24,2.24,OK
12,2026-09-15,07:51:44,2026-09-15,19:03:01,11.19,3.19,OK
12,2026-09-16,07:15:22,2026-09-16,18:50:32,11.59,3.59,OK
12,2026-09-17,07:46:27,2026-09-17,19:02:25,11.27,3.27,OK
12,2026-09-18,07:20:50,2026-09-18,18:59:26,11.64,3.64,OK
12,2026-09-21,07:39:05,2026-09-21,18:42:47,11.06,3.06,OK
12,2026-09-22,07:29:20,2026-09-22,19:01:32,11.54,3.54,OK
12,2026-09-23,08:39:19,2026-09-23,18:08:35,9.49,1.49,OK
12,2026-09-24,08:13:07,2026-09-24,16:59:10,8.77,0.77,OK
121,2026-08-26,06:32:18,2026-08-26,19:10:47,12.64,4.64,OK
121,2026-08-27,06:59:11,2026-08-27,18:15:50,11.28,3.28,OK
121,2026-08-31,06:38:30,2026-08-31,17:13:49,10.59,2.59,OK
121,2026-09-01,06:49:47,2026-09-01,19:14:57,12.42,4.42,OK
121,2026-09-02,07:01:01,2026-09-02,19:19:33,12.31,4.31,OK
121,2026-09-03,07:11:41,2026-09-03,19:16:36,12.08,4.08,OK
121,2026-09-10,06:54:51,2026-09-10,19:16:38,12.36,4.36,OK
121,2026-09-11,18:40:56,2026-09-12,07:13:31,12.54,4.54,OK
121,2026-09-14,06:48:54,2026-09-14,19:22:19,12.56,4.56,OK
121,2026-09-15,06:57:45,2026-09-15,19:26:24,12.48,4.48,OK
121,2026-09-16,06:57:04,2026-09-16,19:16:57,12.33,4.33,OK
121,2026-09-17,06:57:38,2026-09-17,19:10:55,12.22,4.22,OK
121,2026-09-18,06:31:55,2026-09-18,19:21:28,12.83,4.83,OK
121,2026-09-21,06:28:10,2026-09-21,19:28:54,13.01,5.01,OK
121,2026-09-22,06:35:59,2026-09-22,19:12:30,12.61,4.61,OK
122,2026-08-26,06:32:07,2026-08-26,19:10:15,12.64,4.64,OK
122,2026-08-27,06:26:21,2026-08-27,19:49:39,13.39,5.39,OK
122,2026-08-31,06:21:58,2026-08-31,17:14:02,10.87,2.87,OK
122,2026-09-01,06:47:00,2026-09-01,19:15:10,12.47,4.47,OK
122,2026-09-02,07:11:04,2026-09-02,19:21:44,12.18,4.18,OK
122,2026-09-03,06:23:15,2026-09-03,19:16:26,12.89,4.89,OK
122,2026-09-04,06:45:31,2026-09-04,16:26:54,9.69,1.69,OK
122,2026-09-10,06:24:18,2026-09-10,19:26:30,13.04,5.04,OK
122,2026-09-11,18:33:03,2026-09-12,07:12:30,12.66,4.66,OK
122,2026-09-14,06:23:13,2026-09-14,19:18:21,12.92,4.92,OK
122,2026-09-15,06:15:50,2026-09-15,19:26:47,13.18,5.18,OK
122,2026-09-16,06:30:43,2026-09-17,19:10:42,36.67,28.67,OK
122,2026-09-16,19:12:43,2026-09-17,19:10:42,23.97,15.97,OK
122,2026-09-17,06:32:15,2026-09-17,19:10:42,12.64,4.64,OK
122,2026-09-18,06:27:21,2026-09-18,19:20:32,12.89,4.89,OK
122,2026-09-21,06:32:30,2026-09-21,19:24:33,12.87,4.87,OK
122,2026-09-22,06:16:45,2026-09-22,19:09:29,12.88,4.88,OK
124,2026-08-26,06:25:29,2026-08-26,19:11:28,12.77,4.77,OK
124,2026-08-27,06:29:57,2026-08-27,19:46:30,13.28,5.28,OK
124,2026-08-31,06:47:55,2026-08-31,17:14:10,10.44,2.44,OK
124,2026-09-01,06:31:17,2026-09-01,19:21:55,12.84,4.84,OK
124,2026-09-02,06:41:19,2026-09-02,19:21:36,12.67,4.67,OK
124,2026-09-03,06:33:08,2026-09-03,19:17:00,12.73,4.73,OK
124,2026-09-04,06:41:43,2026-09-04,19:13:42,12.53,4.53,OK
124,2026-09-10,06:41:40,2026-09-10,19:17:15,12.59,4.59,OK
124,2026-09-11,18:16:49,2026-09-12,07:12:07,12.92,4.92,OK
124,2026-09-14,06:38:50,2026-09-14,19:13:33,12.58,4.58,OK
124,2026-09-15,06:47:50,2026-09-15,19:27:15,12.66,4.66,OK
124,2026-09-16,06:39:53,2026-09-16,19:12:03,12.54,4.54,OK
124,2026-09-17,06:31:17,2026-09-17,19:10:35,12.66,4.66,OK
124,2026-09-18,06:24:40,2026-09-18,19:20:49,12.94,4.94,OK
124,2026-09-21,06:27:37,2026-09-21,19:30:33,13.05,5.05,OK
124,2026-09-22,06:33:44,2026-09-22,19:11:24,12.63,4.63,OK
125,2026-08-26,06:33:42,2026-08-26,19:18:16,12.74,4.74,OK
125,2026-08-27,06:39:19,2026-08-27,19:45:03,13.1,5.1,OK
125,2026-08-31,06:05:44,2026-08-31,17:18:07,11.21,3.21,OK
125,2026-09-01,06:35:30,2026-09-01,19:15:15,12.66,4.66,OK
125,2026-09-02,06:43:04,2026-09-02,19:18:01,12.58,4.58,OK
125,2026-09-03,06:30:01,2026-09-03,19:12:47,12.71,4.71,OK
125,2026-09-04,06:37:28,2026-09-04,19:09:24,12.53,4.53,OK
125,2026-09-10,06:45:13,2026-09-10,19:11:10,12.43,4.43,OK
125,2026-09-11,18:43:50,2026-09-12,07:10:10,12.44,4.44,OK
125,2026-09-14,06:52:31,2026-09-14,19:11:10,12.31,4.31,OK
125,2026-09-15,06:44:42,2026-09-15,19:26:11,12.69,4.69,OK
125,2026-09-16,06:48:01,2026-09-16,19:08:59,12.35,4.35,OK
125,2026-09-17,06:45:26,2026-09-17,19:10:04,12.41,4.41,OK
125,2026-09-18,06:46:56,2026-09-18,19:22:33,12.59,4.59,OK
125,2026-09-21,06:44:12,2026-09-21,19:29:00,12.75,4.75,OK
125,2026-09-22,06:51:45,2026-09-22,19:09:01,12.29,4.29,OK
128,2026-08-26,07:28:14,2026-08-26,19:21:39,11.89,3.89,OK
128,2026-08-27,07:03:21,2026-08-27,19:48:47,12.76,4.76,OK
128,2026-08-31,07:31:19,2026-08-31,08:50:39,1.32,0.0,OK
128,2026-09-01,07:42:38,2026-09-01,19:18:18,11.59,3.59,OK
128,2026-09-02,07:07:05,2026-09-02,19:35:33,12.47,4.47,OK
128,2026-09-03,07:00:10,2026-09-03,19:39:39,12.66,4.66,OK
128,2026-09-04,07:05:31,2026-09-04,19:24:15,12.31,4.31,OK
128,2026-09-10,07:13:31,2026-09-10,19:20:40,12.12,4.12,OK
128,2026-09-11,19:15:25,2026-09-12,07:15:50,12.01,4.01,OK
128,2026-09-14,07:26:47,2026-09-14,19:42:37,12.26,4.26,OK
128,2026-09-15,07:14:03,2026-09-15,19:36:27,12.37,4.37,OK
128,2026-09-16,07:07:02,2026-09-16,19:20:47,12.23,4.23,OK
128,2026-09-17,07:01:21,2026-09-17,19:27:10,12.43,4.43,OK
128,2026-09-18,07:16:17,2026-09-18,19:29:35,12.22,4.22,OK
128,2026-09-21,07:11:24,2026-09-21,19:39:07,12.46,4.46,OK
128,2026-09-22,07:06:39,2026-09-22,19:13:02,12.11,4.11,OK
13,2026-08-25,07:56:11,2026-08-25,17:09:15,9.22,1.22,OK
13,2026-08-26,07:18:42,2026-08-26,19:04:49,11.77,3.77,OK
13,2026-08-27,07:23:04,2026-08-27,19:00:45,11.63,3.63,OK
13,2026-08-28,07:06:27,2026-08-28,17:27:26,10.35,2.35,OK
13,2026-08-31,07:30:03,2026-08-31,17:31:24,10.02,2.02,OK
13,2026-09-01,07:28:04,2026-09-01,19:11:00,11.72,3.72,OK
13,2026-09-02,07:23:44,2026-09-02,19:17:22,11.89,3.89,OK
13,2026-09-03,07:22:18,2026-09-03,19:17:34,11.92,3.92,OK
13,2026-09-04,07:23:13,2026-09-04,19:09:39,11.77,3.77,OK
13,2026-09-05,07:38:24,2026-09-05,12:36:48,4.97,0.0,OK
13,2026-09-07,07:32:10,2026-09-08,18:28:06,34.93,26.93,OK
13,2026-09-07,17:10:54,2026-09-08,18:28:06,25.29,17.29,OK
13,2026-09-08,07:27:54,2026-09-08,18:28:06,11.0,3.0,OK
13,2026-09-09,07:29:02,2026-09-09,19:06:37,11.63,3.63,OK
13,2026-09-10,07:27:52,2026-09-10,19:17:42,11.83,3.83,OK
13,2026-09-11,19:00:05,2026-09-12,07:30:07,12.5,4.5,OK
13,2026-09-14,07:09:42,2026-09-14,19:29:19,12.33,4.33,OK
13,2026-09-15,07:30:13,2026-09-15,19:51:37,12.36,4.36,OK
13,2026-09-16,07:19:12,2026-09-16,19:19:51,12.01,4.01,OK
13,2026-09-17,07:16:27,2026-09-17,19:10:26,11.9,3.9,OK
13,2026-09-18,07:21:04,2026-09-18,19:19:15,11.97,3.97,OK
13,2026-09-19,07:31:10,2026-09-19,15:52:45,8.36,0.36,OK
13,2026-09-21,07:27:38,2026-09-21,19:05:49,11.64,3.64,OK
13,2026-09-22,07:29:33,2026-09-22,19:12:23,11.71,3.71,OK
13,2026-09-23,07:30:44,2026-09-23,18:09:10,10.64,2.64,OK
13,2026-09-24,07:28:40,2026-09-24,17:16:56,9.8,1.8,OK
134,2026-08-25,08:55:27,2026-08-25,14:51:32,5.93,0.0,OK
134,2026-08-26,08:04:19,2026-08-26,17:25:32,9.35,1.35,OK
134,2026-08-27,08:21:17,2026-08-27,17:17:31,8.94,0.94,OK
134,2026-08-28,08:03:14,2026-08-28,17:15:35,9.21,1.21,OK
134,2026-08-29,09:28:18,2026-08-29,16:43:29,7.25,0.0,OK
134,2026-08-31,07:55:34,2026-08-31,19:16:14,11.34,3.34,OK
134,2026-09-01,07:36:04,2026-09-01,19:33:49,11.96,3.96,OK
134,2026-09-02,08:31:53,2026-09-02,19:35:26,11.06,3.06,OK
134,2026-09-03,08:21:00,2026-09-03,19:34:31,11.23,3.23,OK
134,2026-09-04,06:50:43,2026-09-04,19:51:23,13.01,5.01,OK
134,2026-09-05,09:07:19,2026-09-05,19:45:46,10.64,2.64,OK
134,2026-09-06,10:39:04,2026-09-06,19:32:51,8.9,0.9,OK
134,2026-09-07,08:47:05,2026-09-07,19:45:01,10.97,2.97,OK
134,2026-09-08,09:11:37,2026-09-08,17:44:04,8.54,0.54,OK
134,2026-09-09,09:04:30,2026-09-09,17:21:10,8.28,0.28,OK
134,2026-09-10,08:24:36,2026-09-10,17:23:13,8.98,0.98,OK
134,2026-09-11,08:20:09,2026-09-11,17:07:19,8.79,0.79,OK
134,2026-09-12,09:18:04,2026-09-12,16:53:20,7.59,0.0,OK
134,2026-09-14,07:10:36,2026-09-14,19:37:28,12.45,4.45,OK
134,2026-09-15,07:12:49,2026-09-15,17:34:57,10.37,2.37,OK
134,2026-09-16,07:15:34,2026-09-16,17:37:51,10.37,2.37,OK
134,2026-09-17,07:13:57,2026-09-17,18:10:20,10.94,2.94,OK
134,2026-09-18,07:13:27,2026-09-18,17:57:23,10.73,2.73,OK
134,2026-09-19,09:26:19,2026-09-19,14:35:13,5.15,0.0,OK
134,2026-09-21,07:21:45,2026-09-21,19:19:41,11.97,3.97,OK
134,2026-09-22,07:10:13,2026-09-22,17:28:08,10.3,2.3,OK
134,2026-09-23,07:16:57,2026-09-23,18:24:29,11.13,3.13,OK
134,2026-09-24,07:32:01,2026-09-24,17:20:30,9.81,1.81,OK
135,2026-08-25,07:53:29,2026-08-25,19:47:51,11.91,3.91,OK
135,2026-08-26,07:38:50,2026-08-26,19:33:42,11.91,3.91,OK
135,2026-08-27,07:50:01,2026-08-27,19:35:03,11.75,3.75,OK
135,2026-08-28,07:52:49,2026-08-28,19:43:27,11.84,3.84,OK
135,2026-08-29,08:29:14,2026-08-29,19:53:47,11.41,3.41,OK
135,2026-08-30,10:30:24,2026-08-30,14:30:50,4.01,0.0,OK
135,2026-09-07,13:23:02,2026-09-07,16:17:16,2.9,0.0,OK
135,2026-09-08,08:20:41,2026-09-08,20:34:42,12.23,4.23,OK
135,2026-09-09,07:55:50,2026-09-09,19:45:59,11.84,3.84,OK
135,2026-09-10,07:54:49,2026-09-10,19:11:22,11.28,3.28,OK
135,2026-09-11,08:00:16,2026-09-11,19:52:22,11.87,3.87,OK
135,2026-09-12,09:06:54,2026-09-12,20:10:47,11.06,3.06,OK
135,2026-09-13,09:25:53,2026-09-13,19:44:09,10.3,2.3,OK
135,2026-09-14,08:03:50,2026-09-14,19:50:26,11.78,3.78,OK
135,2026-09-15,07:49:08,2026-09-15,20:33:10,12.73,4.73,OK
135,2026-09-16,08:25:36,2026-09-16,20:49:48,12.4,4.4,OK
135,2026-09-17,07:41:56,2026-09-17,20:19:18,12.62,4.62,OK
135,2026-09-18,07:54:18,2026-09-18,20:04:14,12.17,4.17,OK
135,2026-09-19,08:29:25,2026-09-19,16:11:58,7.71,0.0,OK
135,2026-09-20,09:42:20,2026-09-20,14:17:58,4.59,0.0,OK
135,2026-09-21,07:47:05,2026-09-21,18:23:59,10.62,2.62,OK
135,2026-09-22,07:43:46,2026-09-22,17:44:18,10.01,2.01,OK
135,2026-09-23,08:02:30,2026-09-23,18:57:44,10.92,2.92,OK
135,2026-09-24,07:37:24,2026-09-24,17:18:19,9.68,1.68,OK
136,2026-08-26,07:08:09,2026-08-26,17:03:03,9.91,1.91,OK
136,2026-08-27,07:01:41,2026-08-27,17:00:14,9.98,1.98,OK
136,2026-08-28,06:59:37,2026-08-28,17:01:34,10.03,2.03,OK
136,2026-08-31,07:05:21,2026-08-31,18:10:36,11.09,3.09,OK
136,2026-09-01,07:03:32,2026-09-01,21:00:10,13.94,5.94,OK
136,2026-09-02,07:06:50,2026-09-02,17:54:23,10.79,2.79,OK
136,2026-09-03,07:00:56,2026-09-03,19:00:10,11.99,3.99,OK
136,2026-09-04,06:53:11,2026-09-04,19:54:02,13.01,5.01,OK
136,2026-09-07,07:18:12,2026-09-07,17:03:06,9.75,1.75,OK
136,2026-09-08,07:04:01,2026-09-08,19:04:43,12.01,4.01,OK
136,2026-09-09,07:16:01,2026-09-09,17:16:58,10.02,2.02,OK
136,2026-09-10,07:07:00,2026-09-10,18:39:01,11.53,3.53,OK
136,2026-09-11,07:00:56,2026-09-11,20:16:17,13.26,5.26,OK
137,2026-08-26,06:56:05,2026-08-26,19:21:06,12.42,4.42,OK
137,2026-08-27,06:57:08,2026-08-27,19:00:59,12.06,4.06,OK
137,2026-08-28,06:47:46,2026-08-28,18:19:17,11.53,3.53,OK
137,2026-08-31,06:56:42,2026-08-31,18:15:37,11.32,3.32,OK
137,2026-09-01,06:54:20,2026-09-01,19:06:33,12.2,4.2,OK
137,2026-09-02,06:52:33,2026-09-02,20:35:13,13.71,5.71,OK
137,2026-09-03,06:55:31,2026-09-03,19:06:42,12.19,4.19,OK
137,2026-09-04,06:57:09,2026-09-04,19:25:28,12.47,4.47,OK
137,2026-09-07,06:53:58,2026-09-07,17:18:48,10.41,2.41,OK
137,2026-09-08,06:54:30,2026-09-08,19:01:44,12.12,4.12,OK
137,2026-09-09,06:58:50,2026-09-09,19:04:30,12.09,4.09,OK
137,2026-09-10,06:59:14,2026-09-10,19:30:12,12.52,4.52,OK
137,2026-09-11,06:58:01,2026-09-14,19:08:54,84.18,76.18,OK
137,2026-09-11,19:06:15,2026-09-14,19:08:54,72.04,64.04,OK
137,2026-09-14,06:51:33,2026-09-14,19:08:54,12.29,4.29,OK
137,2026-09-15,07:03:29,2026-09-15,19:31:25,12.47,4.47,OK
137,2026-09-16,06:59:41,2026-09-16,19:02:55,12.05,4.05,OK
137,2026-09-17,07:02:40,2026-09-17,19:01:53,11.99,3.99,OK
137,2026-09-18,07:01:52,2026-09-18,19:00:48,11.98,3.98,OK
137,2026-09-19,07:20:42,2026-09-19,14:43:53,7.39,0.0,OK
137,2026-09-21,06:49:03,2026-09-21,18:57:45,12.14,4.14,OK
137,2026-09-22,06:55:06,2026-09-22,19:09:15,12.24,4.24,OK
137,2026-09-23,07:00:02,2026-09-23,18:08:14,11.14,3.14,OK
137,2026-09-24,07:06:40,2026-09-24,17:03:02,9.94,1.94,OK
141,2026-08-26,06:50:41,2026-08-26,19:16:59,12.44,4.44,OK
141,2026-09-01,18:06:33,2026-09-02,08:08:14,14.03,6.03,OK
141,2026-09-03,06:57:55,2026-09-03,19:26:08,12.47,4.47,OK
141,2026-09-04,17:56:58,2026-09-05,06:46:41,12.83,4.83,OK
141,2026-09-07,06:57:21,2026-09-07,17:25:52,10.48,2.48,OK
141,2026-09-08,06:52:15,2026-09-08,18:43:07,11.85,3.85,OK
141,2026-09-09,06:42:57,2026-09-09,19:18:46,12.6,4.6,OK
141,2026-09-10,06:50:26,2026-09-10,19:30:24,12.67,4.67,OK
141,2026-09-11,06:48:40,2026-09-11,19:36:35,12.8,4.8,OK
141,2026-09-14,09:28:58,2026-09-14,19:25:51,9.95,1.95,OK
141,2026-09-15,06:49:52,2026-09-15,19:38:20,12.81,4.81,OK
141,2026-09-17,18:30:56,2026-09-18,07:49:38,13.31,5.31,OK
141,2026-09-18,18:40:01,2026-09-19,07:20:25,12.67,4.67,OK
141,2026-09-21,07:00:40,2026-09-21,19:37:11,12.61,4.61,OK
141,2026-09-22,07:52:24,2026-09-22,19:22:23,11.5,3.5,OK
141,2026-09-23,06:56:26,2026-09-23,17:21:01,10.41,2.41,OK
141,2026-09-24,07:22:33,2026-09-24,17:23:59,10.02,2.02,OK
143,2026-08-26,07:06:21,2026-08-26,19:18:41,12.21,4.21,OK
143,2026-08-27,11:12:09,2026-08-27,19:48:16,8.6,0.6,OK
143,2026-08-28,06:49:28,2026-08-28,17:18:17,10.48,2.48,OK
143,2026-08-31,06:58:46,2026-08-31,17:19:07,10.34,2.34,OK
143,2026-09-01,06:49:21,2026-09-01,19:27:33,12.64,4.64,OK
143,2026-09-02,06:57:38,2026-09-02,19:26:28,12.48,4.48,OK
143,2026-09-03,06:44:42,2026-09-03,19:26:15,12.69,4.69,OK
143,2026-09-04,06:56:26,2026-09-04,19:20:22,12.4,4.4,OK
143,2026-09-07,07:02:51,2026-09-07,17:23:36,10.35,2.35,OK
143,2026-09-08,06:58:42,2026-09-08,18:41:37,11.72,3.72,OK
143,2026-09-09,07:01:10,2026-09-09,19:18:27,12.29,4.29,OK
143,2026-09-10,06:54:43,2026-09-10,19:26:01,12.52,4.52,OK
143,2026-09-11,06:56:03,2026-09-11,20:42:38,13.78,5.78,OK
143,2026-09-14,06:53:27,2026-09-14,19:19:19,12.43,4.43,OK
143,2026-09-15,07:09:36,2026-09-15,20:03:17,12.89,4.89,OK
143,2026-09-16,06:47:33,2026-09-16,19:12:09,12.41,4.41,OK
143,2026-09-17,06:40:14,2026-09-17,19:22:47,12.71,4.71,OK
143,2026-09-18,06:28:49,2026-09-18,19:21:56,12.89,4.89,OK
143,2026-09-21,07:01:17,2026-09-21,19:35:47,12.58,4.58,OK
143,2026-09-22,07:10:00,2026-09-22,19:12:36,12.04,4.04,OK
143,2026-09-23,06:51:50,2026-09-23,17:15:03,10.39,2.39,OK
143,2026-09-24,07:31:29,2026-09-24,17:12:32,9.68,1.68,OK
151,2026-08-26,06:51:20,2026-08-26,19:17:12,12.43,4.43,OK
151,2026-08-27,06:44:21,2026-08-27,19:55:47,13.19,5.19,OK
151,2026-08-28,06:39:56,2026-08-28,17:15:05,10.59,2.59,OK
151,2026-09-01,18:35:15,2026-09-02,08:06:37,13.52,5.52,OK
151,2026-09-03,06:47:02,2026-09-03,19:27:38,12.68,4.68,OK
151,2026-09-04,18:34:03,2026-09-05,08:43:10,14.15,6.15,OK
151,2026-09-07,08:53:06,2026-09-07,10:59:21,2.1,0.0,OK
151,2026-09-08,06:42:02,2026-09-08,18:43:34,12.03,4.03,OK
151,2026-09-09,06:33:15,2026-09-09,19:16:59,12.73,4.73,OK
151,2026-09-10,06:44:11,2026-09-10,19:22:25,12.64,4.64,OK
151,2026-09-11,06:44:57,2026-09-11,19:28:01,12.72,4.72,OK
151,2026-09-14,06:45:14,2026-09-14,19:26:41,12.69,4.69,OK
151,2026-09-15,06:46:47,2026-09-15,19:46:35,13.0,5.0,OK
151,2026-09-17,18:26:24,2026-09-18,07:52:13,13.43,5.43,OK
151,2026-09-18,18:15:16,2026-09-19,07:27:13,13.2,5.2,OK
151,2026-09-21,06:50:50,2026-09-21,19:38:23,12.79,4.79,OK
151,2026-09-22,06:40:40,2026-09-22,19:14:40,12.57,4.57,OK
151,2026-09-23,06:52:27,2026-09-23,17:28:37,10.6,2.6,OK
151,2026-09-24,06:53:00,2026-09-24,17:17:53,10.41,2.41,OK
152,2026-08-26,06:45:44,2026-08-26,19:23:01,12.62,4.62,OK
152,2026-08-27,06:55:19,2026-08-27,19:54:57,12.99,4.99,OK
152,2026-08-28,07:11:20,2026-08-28,17:25:04,10.23,2.23,OK
152,2026-09-03,06:54:48,2026-09-03,19:28:00,12.55,4.55,OK
152,2026-09-04,18:35:19,2026-09-05,08:46:09,14.18,6.18,OK
152,2026-09-07,07:03:35,2026-09-07,17:24:35,10.35,2.35,OK
152,2026-09-08,06:55:30,2026-09-08,18:47:24,11.86,3.86,OK
152,2026-09-09,06:43:55,2026-09-09,19:17:26,12.56,4.56,OK
152,2026-09-10,06:47:36,2026-09-10,19:27:22,12.66,4.66,OK
152,2026-09-11,06:54:32,2026-09-11,19:27:42,12.55,4.55,OK
152,2026-09-14,08:07:26,2026-09-14,19:28:22,11.35,3.35,OK
152,2026-09-15,07:00:06,2026-09-15,19:45:57,12.76,4.76,OK
152,2026-09-17,18:19:43,2026-09-18,07:48:27,13.48,5.48,OK
152,2026-09-18,18:32:16,2026-09-19,07:28:51,12.94,4.94,OK
152,2026-09-21,06:49:28,2026-09-21,19:39:01,12.83,4.83,OK
152,2026-09-22,06:55:11,2026-09-22,19:13:18,12.3,4.3,OK
152,2026-09-23,07:11:03,2026-09-23,17:21:40,10.18,2.18,OK
152,2026-09-24,07:28:22,2026-09-24,17:25:03,9.94,1.94,OK
154,2026-08-26,07:15:52,2026-08-26,19:14:01,11.97,3.97,OK
154,2026-08-27,07:21:54,2026-08-27,19:51:46,12.5,4.5,OK
154,2026-08-31,06:59:50,2026-08-31,17:22:58,10.39,2.39,OK
154,2026-09-01,06:57:46,2026-09-01,19:58:01,13.0,5.0,OK
154,2026-09-02,07:10:54,2026-09-02,19:43:00,12.54,4.54,OK
154,2026-09-03,07:01:39,2026-09-03,19:13:15,12.19,4.19,OK
154,2026-09-04,06:57:15,2026-09-04,19:14:12,12.28,4.28,OK
154,2026-09-10,07:05:49,2026-09-10,19:15:16,12.16,4.16,OK
154,2026-09-11,18:54:50,2026-09-12,07:46:27,12.86,4.86,OK
154,2026-09-14,07:10:02,2026-09-14,19:42:06,12.53,4.53,OK
154,2026-09-15,07:00:18,2026-09-15,20:02:59,13.04,5.04,OK
154,2026-09-16,07:02:55,2026-09-16,19:42:21,12.66,4.66,OK
154,2026-09-17,07:02:53,2026-09-17,19:26:37,12.4,4.4,OK
154,2026-09-18,06:55:42,2026-09-18,20:10:38,13.25,5.25,OK
154,2026-09-22,07:07:26,2026-09-22,19:24:04,12.28,4.28,OK
156,2026-08-26,06:33:24,2026-08-26,19:22:40,12.82,4.82,OK
156,2026-08-27,06:40:50,2026-08-27,19:48:52,13.13,5.13,OK
156,2026-08-31,06:35:40,2026-08-31,17:18:49,10.72,2.72,OK
156,2026-09-01,06:49:29,2026-09-01,19:21:27,12.53,4.53,OK
156,2026-09-02,06:58:27,2026-09-02,19:26:34,12.47,4.47,OK
156,2026-09-03,06:39:13,2026-09-03,19:26:28,12.79,4.79,OK
156,2026-09-04,06:28:49,2026-09-04,19:21:33,12.88,4.88,OK
156,2026-09-10,06:43:56,2026-09-10,19:26:12,12.7,4.7,OK
156,2026-09-11,17:30:08,2026-09-12,07:17:51,13.8,5.8,OK
156,2026-09-14,06:51:40,2026-09-14,19:19:29,12.46,4.46,OK
156,2026-09-18,06:28:35,2026-09-18,19:23:21,12.91,4.91,OK
156,2026-09-21,06:41:01,2026-09-21,19:36:37,12.93,4.93,OK
156,2026-09-22,06:43:01,2026-09-22,19:18:59,12.6,4.6,OK
157,2026-08-25,07:17:05,2026-08-25,08:47:15,1.5,0.0,OK
157,2026-08-26,07:19:26,2026-08-26,17:01:19,9.7,1.7,OK
157,2026-08-27,07:28:16,2026-08-27,17:02:47,9.58,1.58,OK
157,2026-08-28,07:19:58,2026-08-28,17:00:32,9.68,1.68,OK
157,2026-08-31,07:15:08,2026-08-31,17:34:02,10.32,2.32,OK
157,2026-09-01,07:32:53,2026-09-01,17:21:31,9.81,1.81,OK
157,2026-09-02,07:24:35,2026-09-02,17:33:15,10.14,2.14,OK
157,2026-09-03,07:26:27,2026-09-03,17:18:40,9.87,1.87,OK
157,2026-09-04,07:22:23,2026-09-04,17:14:03,9.86,1.86,OK
157,2026-09-07,07:52:42,2026-09-07,17:01:57,9.15,1.15,OK
157,2026-09-08,07:21:23,2026-09-08,17:10:10,9.81,1.81,OK
157,2026-09-09,07:27:07,2026-09-09,17:01:48,9.58,1.58,OK
157,2026-09-10,07:43:54,2026-09-10,17:53:27,10.16,2.16,OK
157,2026-09-11,07:39:06,2026-09-11,17:00:51,9.36,1.36,OK
157,2026-09-14,07:51:39,2026-09-14,17:24:52,9.55,1.55,OK
157,2026-09-15,07:48:51,2026-09-15,17:05:25,9.28,1.28,OK
157,2026-09-16,07:53:29,2026-09-16,17:15:55,9.37,1.37,OK
157,2026-09-17,07:47:31,2026-09-17,16:59:50,9.21,1.21,OK
157,2026-09-18,07:45:24,2026-09-18,16:59:07,9.23,1.23,OK
157,2026-09-21,07:38:23,2026-09-21,17:03:13,9.41,1.41,OK
157,2026-09-22,07:41:51,2026-09-22,17:16:51,9.58,1.58,OK
157,2026-09-23,07:43:06,2026-09-23,16:59:28,9.27,1.27,OK
157,2026-09-24,08:08:02,2026-09-24,16:59:00,8.85,0.85,OK
158,2026-08-26,06:40:59,2026-08-26,19:22:47,12.7,4.7,OK
158,2026-08-27,06:38:09,2026-08-27,19:49:50,13.19,5.19,OK
158,2026-08-28,07:04:06,2026-08-28,17:24:51,10.35,2.35,OK
158,2026-09-01,18:06:40,2026-09-02,07:58:57,13.87,5.87,OK
158,2026-09-03,06:41:37,2026-09-03,19:28:35,12.78,4.78,OK
158,2026-09-04,18:16:12,2026-09-05,08:46:38,14.51,6.51,OK
158,2026-09-07,07:18:37,2026-09-07,17:24:58,10.11,2.11,OK
158,2026-09-08,06:28:36,2026-09-08,18:42:37,12.23,4.23,OK
158,2026-09-09,06:30:37,2026-09-09,19:12:22,12.7,4.7,OK
158,2026-09-10,06:35:38,2026-09-10,19:21:56,12.77,4.77,OK
158,2026-09-11,06:31:54,2026-09-11,19:19:49,12.8,4.8,OK
158,2026-09-14,07:10:17,2026-09-14,19:27:24,12.29,4.29,OK
158,2026-09-15,06:43:50,2026-09-18,07:48:34,73.08,65.08,OK
158,2026-09-15,19:29:17,2026-09-18,07:48:34,60.32,52.32,OK
158,2026-09-17,17:49:19,2026-09-18,07:48:34,13.99,5.99,OK
158,2026-09-18,17:56:08,2026-09-19,07:28:45,13.54,5.54,OK
158,2026-09-21,06:50:27,2026-09-21,19:39:45,12.82,4.82,OK
158,2026-09-22,06:48:31,2026-09-22,19:11:46,12.39,4.39,OK
158,2026-09-23,06:36:40,2026-09-23,17:18:55,10.7,2.7,OK
158,2026-09-24,07:05:25,2026-09-24,17:24:18,10.31,2.31,OK
159,2026-08-26,06:44:46,2026-08-26,19:22:56,12.64,4.64,OK
159,2026-08-27,06:57:25,2026-08-27,19:48:08,12.85,4.85,OK
159,2026-08-28,06:58:52,2026-08-28,17:24:42,10.43,2.43,OK
159,2026-09-01,18:08:08,2026-09-02,07:58:47,13.84,5.84,OK
159,2026-09-03,07:04:01,2026-09-03,19:28:13,12.4,4.4,OK
159,2026-09-04,18:35:35,2026-09-05,08:46:28,14.18,6.18,OK
159,2026-09-07,07:07:07,2026-09-07,17:24:11,10.28,2.28,OK
159,2026-09-08,07:13:11,2026-09-08,18:42:05,11.48,3.48,OK
159,2026-09-09,06:53:34,2026-09-09,19:12:03,12.31,4.31,OK
159,2026-09-10,06:36:03,2026-09-10,19:22:05,12.77,4.77,OK
159,2026-09-11,06:45:38,2026-09-11,19:19:40,12.57,4.57,OK
159,2026-09-14,07:39:51,2026-09-14,19:27:05,11.79,3.79,OK
159,2026-09-15,06:49:06,2026-09-15,19:29:49,12.68,4.68,OK
159,2026-09-17,18:36:54,2026-09-18,07:48:41,13.2,5.2,OK
159,2026-09-18,18:26:50,2026-09-19,07:28:58,13.04,5.04,OK
159,2026-09-21,07:01:54,2026-09-21,19:39:13,12.62,4.62,OK
159,2026-09-22,06:55:29,2026-09-22,19:11:34,12.27,4.27,OK
159,2026-09-23,06:54:14,2026-09-23,17:18:15,10.4,2.4,OK
159,2026-09-24,07:01:35,2026-09-24,17:24:11,10.38,2.38,OK
160,2026-08-26,06:28:26,2026-08-26,19:13:31,12.75,4.75,OK
160,2026-08-27,06:37:53,2026-08-27,19:47:32,13.16,5.16,OK
160,2026-08-31,06:50:23,2026-08-31,17:14:16,10.4,2.4,OK
160,2026-09-01,06:55:49,2026-09-01,19:22:22,12.44,4.44,OK
160,2026-09-02,07:04:07,2026-09-02,19:20:30,12.27,4.27,OK
160,2026-09-03,06:50:21,2026-09-03,19:18:25,12.47,4.47,OK
160,2026-09-04,06:51:22,2026-09-04,19:12:24,12.35,4.35,OK
160,2026-09-10,06:48:43,2026-09-10,19:22:48,12.57,4.57,OK
160,2026-09-14,06:49:38,2026-09-14,19:13:41,12.4,4.4,OK
160,2026-09-15,06:55:10,2026-09-15,19:28:12,12.55,4.55,OK
160,2026-09-16,06:51:05,2026-09-16,19:11:46,12.34,4.34,OK
160,2026-09-17,06:50:01,2026-09-17,19:10:17,12.34,4.34,OK
160,2026-09-18,06:42:22,2026-09-18,19:20:45,12.64,4.64,OK
160,2026-09-21,06:52:18,2026-09-21,19:30:20,12.63,4.63,OK
160,2026-09-22,06:40:47,2026-09-22,19:10:37,12.5,4.5,OK
161,2026-08-31,06:36:07,2026-08-31,17:18:42,10.71,2.71,OK
161,2026-09-01,06:55:09,2026-09-01,19:27:14,12.53,4.53,OK
161,2026-09-02,07:12:08,2026-09-02,19:23:18,12.19,4.19,OK
161,2026-09-03,06:45:54,2026-09-03,19:23:09,12.62,4.62,OK
161,2026-09-04,06:39:30,2026-09-04,19:31:34,12.87,4.87,OK
161,2026-09-10,06:40:06,2026-09-10,19:25:55,12.76,4.76,OK
161,2026-09-11,18:03:09,2026-09-12,07:15:54,13.21,5.21,OK
161,2026-09-14,06:50:30,2026-09-14,19:17:43,12.45,4.45,OK
161,2026-09-15,06:54:37,2026-09-15,19:35:16,12.68,4.68,OK
161,2026-09-16,06:50:47,2026-09-16,19:21:26,12.51,4.51,OK
161,2026-09-17,06:49:11,2026-09-17,19:22:43,12.56,4.56,OK
161,2026-09-18,06:46:35,2026-09-18,19:21:38,12.58,4.58,OK
161,2026-09-21,06:49:34,2026-09-21,19:36:43,12.79,4.79,OK
161,2026-09-22,06:57:42,2026-09-22,19:18:05,12.34,4.34,OK
162,2026-08-26,06:33:36,2026-08-26,19:13:44,12.67,4.67,OK
162,2026-08-27,06:41:28,2026-08-27,19:48:34,13.12,5.12,OK
162,2026-08-31,07:05:15,2026-08-31,17:23:13,10.3,2.3,OK
162,2026-09-01,06:42:55,2026-09-01,19:21:34,12.64,4.64,OK
162,2026-09-02,07:10:48,2026-09-02,19:25:19,12.24,4.24,OK
162,2026-09-03,07:01:00,2026-09-03,19:25:51,12.41,4.41,OK
162,2026-09-04,06:54:01,2026-09-04,19:20:47,12.45,4.45,OK
162,2026-09-14,06:56:29,2026-09-14,19:23:13,12.45,4.45,OK
162,2026-09-15,06:48:27,2026-09-15,19:39:44,12.85,4.85,OK
162,2026-09-16,06:46:37,2026-09-16,19:25:32,12.65,4.65,OK
162,2026-09-17,06:49:15,2026-09-17,19:24:01,12.58,4.58,OK
162,2026-09-18,06:52:14,2026-09-18,19:23:16,12.52,4.52,OK
162,2026-09-21,07:00:44,2026-09-21,19:36:27,12.6,4.6,OK
162,2026-09-22,06:47:20,2026-09-22,19:18:26,12.52,4.52,OK
163,2026-08-26,06:40:42,2026-08-26,19:13:35,12.55,4.55,OK
163,2026-08-27,06:37:44,2026-08-27,19:46:34,13.15,5.15,OK
163,2026-08-31,06:43:38,2026-09-01,19:19:38,36.6,28.6,OK
163,2026-09-01,06:39:01,2026-09-01,19:19:38,12.68,4.68,OK
163,2026-09-02,06:39:30,2026-09-02,19:24:59,12.76,4.76,OK
163,2026-09-03,06:42:00,2026-09-03,19:26:37,12.74,4.74,OK
163,2026-09-04,06:46:38,2026-09-04,19:20:51,12.57,4.57,OK
163,2026-09-10,06:34:40,2026-09-10,19:21:46,12.78,4.78,OK
163,2026-09-11,18:29:14,2026-09-12,07:17:05,12.8,4.8,OK
163,2026-09-14,06:47:03,2026-09-14,19:20:13,12.55,4.55,OK
163,2026-09-15,06:44:11,2026-09-15,20:00:24,13.27,5.27,OK
163,2026-09-16,06:47:09,2026-09-16,19:25:14,12.63,4.63,OK
163,2026-09-17,06:46:34,2026-09-17,19:23:58,12.62,4.62,OK
163,2026-09-18,06:42:39,2026-09-18,19:23:07,12.67,4.67,OK
163,2026-09-21,06:42:56,2026-09-21,19:37:35,12.91,4.91,OK
163,2026-09-22,06:48:25,2026-09-22,14:21:30,7.55,0.0,OK
164,2026-08-26,07:15:47,2026-08-26,19:21:14,12.09,4.09,OK
164,2026-08-27,07:22:03,2026-08-27,19:51:48,12.5,4.5,OK
164,2026-08-28,07:19:43,2026-08-28,17:18:02,9.97,1.97,OK
164,2026-09-01,18:55:30,2026-09-02,07:41:07,12.76,4.76,OK
164,2026-09-03,08:21:24,2026-09-03,19:35:25,11.23,3.23,OK
164,2026-09-04,18:54:34,2026-09-05,08:31:49,13.62,5.62,OK
164,2026-09-07,07:27:28,2026-09-07,17:33:56,10.11,2.11,OK
164,2026-09-08,07:21:43,2026-09-08,18:49:24,11.46,3.46,OK
164,2026-09-09,07:28:00,2026-09-09,19:09:49,11.7,3.7,OK
164,2026-09-10,07:05:20,2026-09-10,19:49:33,12.74,4.74,OK
164,2026-09-11,07:12:18,2026-09-11,19:38:33,12.44,4.44,OK
164,2026-09-14,07:25:00,2026-09-14,19:35:53,12.18,4.18,OK
164,2026-09-15,06:59:40,2026-09-15,19:36:06,12.61,4.61,OK
164,2026-09-17,18:49:49,2026-09-18,07:41:39,12.86,4.86,OK
164,2026-09-18,19:03:51,2026-09-19,07:27:37,12.4,4.4,OK
164,2026-09-21,07:16:41,2026-09-21,19:31:10,12.24,4.24,OK
164,2026-09-22,07:19:06,2026-09-22,19:23:34,12.07,4.07,OK
164,2026-09-23,07:08:02,2026-09-23,17:24:02,10.27,2.27,OK
164,2026-09-24,07:43:43,2026-09-24,17:16:18,9.54,1.54,OK
19,2026-08-26,06:37:53,2026-08-26,17:00:28,10.38,2.38,OK
19,2026-08-27,06:33:56,2026-08-27,16:59:43,10.43,2.43,OK
19,2026-08-28,06:34:50,2026-08-28,17:01:07,10.44,2.44,OK
19,2026-08-31,06:37:18,2026-08-31,18:17:24,11.67,3.67,OK
19,2026-09-01,06:35:02,2026-09-01,21:00:03,14.42,6.42,OK
19,2026-09-02,06:31:36,2026-09-02,17:53:19,11.36,3.36,OK
19,2026-09-03,06:32:43,2026-09-03,19:03:52,12.52,4.52,OK
19,2026-09-04,06:33:45,2026-09-04,19:54:09,13.34,5.34,OK
19,2026-09-07,06:34:48,2026-09-07,16:58:49,10.4,2.4,OK
19,2026-09-08,06:36:33,2026-09-08,19:03:56,12.46,4.46,OK
19,2026-09-09,06:35:20,2026-09-09,17:13:37,10.64,2.64,OK
19,2026-09-10,06:35:33,2026-09-10,18:31:56,11.94,3.94,OK
19,2026-09-11,06:36:58,2026-09-11,20:16:37,13.66,5.66,OK
19,2026-09-14,06:16:06,2026-09-14,19:31:25,13.26,5.26,OK
19,2026-09-15,06:31:41,2026-09-15,18:38:01,12.11,4.11,OK
19,2026-09-16,06:33:25,2026-09-16,18:00:33,11.45,3.45,OK
19,2026-09-17,06:32:26,2026-09-17,21:07:48,14.59,6.59,OK
19,2026-09-18,06:31:22,2026-09-18,21:12:46,14.69,6.69,OK
19,2026-09-19,06:35:52,2026-09-19,14:37:09,8.02,0.02,OK
19,2026-09-21,06:14:16,2026-09-21,19:17:57,13.06,5.06,OK
19,2026-09-22,06:32:29,2026-09-22,17:00:33,10.47,2.47,OK
19,2026-09-23,06:31:45,2026-09-23,16:59:38,10.46,2.46,OK
19,2026-09-24,06:38:12,2026-09-24,17:01:58,10.4,2.4,OK
2,2026-08-26,06:56:27,2026-08-26,19:07:43,12.19,4.19,OK
2,2026-08-27,07:13:29,2026-08-27,19:47:11,12.56,4.56,OK
2,2026-08-28,07:44:30,2026-08-28,17:13:01,9.48,1.48,OK
2,2026-09-01,18:57:27,2026-09-02,07:12:38,12.25,4.25,OK
2,2026-09-03,07:07:30,2026-09-03,19:18:38,12.19,4.19,OK
2,2026-09-04,18:45:02,2026-09-05,08:29:33,13.74,5.74,OK
2,2026-09-07,07:07:17,2026-09-07,17:17:54,10.18,2.18,OK
2,2026-09-08,07:10:59,2026-09-08,18:44:08,11.55,3.55,OK
2,2026-09-09,06:58:07,2026-09-09,19:11:31,12.22,4.22,OK
2,2026-09-11,06:49:24,2026-09-11,19:17:51,12.47,4.47,OK
2,2026-09-15,06:56:52,2026-09-15,19:27:29,12.51,4.51,OK
2,2026-09-17,18:49:10,2026-09-18,07:45:58,12.95,4.95,OK
2,2026-09-18,18:46:46,2026-09-19,07:29:04,12.7,4.7,OK
2,2026-09-21,06:52:54,2026-09-21,19:30:47,12.63,4.63,OK
2,2026-09-22,06:47:25,2026-09-22,19:10:28,12.38,4.38,OK
2,2026-09-23,06:51:27,2026-09-23,17:15:13,10.4,2.4,OK
2,2026-09-24,07:26:29,2026-09-24,17:10:19,9.73,1.73,OK
20,2026-08-25,11:49:10,2026-08-25,18:52:11,7.05,0.0,OK
20,2026-08-26,08:16:08,2026-08-26,19:00:55,10.75,2.75,OK
20,2026-08-27,08:30:12,2026-08-27,18:45:01,10.25,2.25,OK
20,2026-08-28,08:37:47,2026-08-28,18:56:00,10.3,2.3,OK
20,2026-08-31,08:27:09,2026-08-31,20:54:21,12.45,4.45,OK
20,2026-09-01,08:08:49,2026-09-01,20:40:41,12.53,4.53,OK
20,2026-09-02,08:32:56,2026-09-02,20:30:35,11.96,3.96,OK
20,2026-09-03,08:13:18,2026-09-03,19:39:20,11.43,3.43,OK
20,2026-09-04,08:41:05,2026-09-04,20:18:37,11.63,3.63,OK
20,2026-09-05,08:37:24,2026-09-05,13:07:39,4.5,0.0,OK
20,2026-09-07,08:05:17,2026-09-07,18:04:26,9.99,1.99,OK
20,2026-09-08,08:23:43,2026-09-08,18:52:09,10.47,2.47,OK
20,2026-09-09,08:13:56,2026-09-10,19:24:50,35.18,27.18,OK
20,2026-09-09,20:19:51,2026-09-10,19:24:50,23.08,15.08,OK
20,2026-09-10,08:44:46,2026-09-10,19:24:50,10.67,2.67,OK
20,2026-09-11,07:46:15,2026-09-11,21:29:50,13.73,5.73,OK
20,2026-09-12,09:02:42,2026-09-12,20:18:49,11.27,3.27,OK
20,2026-09-14,08:35:40,2026-09-14,17:56:54,9.35,1.35,OK
20,2026-09-15,08:30:58,2026-09-15,20:42:42,12.2,4.2,OK
20,2026-09-16,08:35:11,2026-09-16,20:17:10,11.7,3.7,OK
20,2026-09-17,08:07:29,2026-09-17,21:57:27,13.83,5.83,OK
20,2026-09-18,20:45:42,2026-09-19,15:09:41,18.4,10.4,OK
20,2026-09-19,09:13:30,2026-09-19,15:09:41,5.94,0.0,OK
20,2026-09-23,08:05:42,2026-09-23,19:12:48,11.12,3.12,OK
20,2026-09-24,07:50:19,2026-09-24,17:35:45,9.76,1.76,OK
24,2026-08-25,07:00:10,2026-08-25,17:22:30,10.37,2.37,OK
24,2026-08-26,06:47:59,2026-08-26,19:21:58,12.57,4.57,OK
24,2026-08-27,06:52:25,2026-08-27,19:55:03,13.04,5.04,OK
24,2026-08-28,06:50:09,2026-08-31,19:50:00,85.0,77.0,OK
24,2026-08-28,17:35:36,2026-08-31,19:50:00,74.24,66.24,OK
24,2026-08-31,06:54:04,2026-08-31,19:50:00,12.93,4.93,OK
24,2026-09-01,06:53:43,2026-09-01,19:28:52,12.59,4.59,OK
24,2026-09-02,06:54:48,2026-09-02,19:20:16,12.42,4.42,OK
24,2026-09-03,06:50:53,2026-09-03,19:30:38,12.66,4.66,OK
24,2026-09-04,06:53:41,2026-09-04,19:26:17,12.54,4.54,OK
24,2026-09-05,06:52:53,2026-09-05,14:18:25,7.43,0.0,OK
24,2026-09-07,06:50:46,2026-09-07,18:18:54,11.47,3.47,OK
24,2026-09-08,06:46:52,2026-09-08,19:02:32,12.26,4.26,OK
24,2026-09-09,06:50:41,2026-09-09,19:17:43,12.45,4.45,OK
24,2026-09-10,06:50:53,2026-09-10,19:19:52,12.48,4.48,OK
24,2026-09-11,06:46:34,2026-09-11,09:02:07,2.26,0.0,OK
24,2026-09-14,06:49:35,2026-09-14,19:18:13,12.48,4.48,OK
24,2026-09-15,06:52:03,2026-09-15,20:24:32,13.54,5.54,OK
24,2026-09-17,18:42:26,2026-09-18,07:48:04,13.09,5.09,OK
24,2026-09-18,18:43:58,2026-09-19,07:27:02,12.72,4.72,OK
24,2026-09-22,06:53:41,2026-09-22,09:33:19,2.66,0.0,OK
24,2026-09-23,06:50:50,2026-09-23,18:09:46,11.32,3.32,OK
24,2026-09-24,06:54:23,2026-09-24,17:32:07,10.63,2.63,OK
25,2026-08-26,12:07:33,2026-08-26,19:37:57,7.51,0.0,OK
25,2026-08-27,07:27:52,2026-08-27,20:11:11,12.72,4.72,OK
25,2026-08-28,07:27:46,2026-08-28,17:56:44,10.48,2.48,OK
25,2026-08-31,07:18:19,2026-08-31,19:32:52,12.24,4.24,OK
25,2026-09-01,07:12:09,2026-09-01,20:10:50,12.98,4.98,OK
25,2026-09-02,07:46:45,2026-09-02,19:41:57,11.92,3.92,OK
25,2026-09-03,07:12:49,2026-09-03,20:02:41,12.83,4.83,OK
25,2026-09-04,06:39:18,2026-09-04,20:16:23,13.62,5.62,OK
25,2026-09-07,07:35:50,2026-09-07,17:26:33,9.85,1.85,OK
25,2026-09-08,07:14:15,2026-09-08,20:01:43,12.79,4.79,OK
25,2026-09-09,06:46:17,2026-09-09,19:27:57,12.69,4.69,OK
25,2026-09-10,07:01:40,2026-09-10,19:42:04,12.67,4.67,OK
25,2026-09-11,07:17:23,2026-09-11,16:28:17,9.18,1.18,OK
25,2026-09-14,11:45:54,2026-09-14,19:52:09,8.1,0.1,OK
25,2026-09-15,07:17:17,2026-09-15,20:49:31,13.54,5.54,OK
25,2026-09-16,06:51:57,2026-09-16,20:05:35,13.23,5.23,OK
25,2026-09-17,07:09:02,2026-09-17,20:24:29,13.26,5.26,OK
25,2026-09-18,06:39:28,2026-09-18,20:41:02,14.03,6.03,OK
25,2026-09-21,07:10:01,2026-09-21,19:54:11,12.74,4.74,OK
25,2026-09-22,07:12:51,2026-09-22,19:37:27,12.41,4.41,OK
25,2026-09-23,07:38:52,2026-09-23,18:21:21,10.71,2.71,OK
25,2026-09-24,08:07:41,2026-09-24,18:16:43,10.15,2.15,OK
27,2026-08-26,06:13:14,2026-08-26,19:21:46,13.14,5.14,OK
27,2026-08-27,06:28:35,2026-08-27,19:51:15,13.38,5.38,OK
27,2026-08-28,06:26:42,2026-08-28,17:22:26,10.93,2.93,OK
27,2026-09-01,17:31:16,2026-09-02,07:50:05,14.31,6.31,OK
27,2026-09-03,06:18:02,2026-09-03,19:30:29,13.21,5.21,OK
27,2026-09-04,17:09:01,2026-09-05,08:33:05,15.4,7.4,OK
27,2026-09-07,06:21:34,2026-09-07,17:31:11,11.16,3.16,OK
27,2026-09-08,06:37:38,2026-09-08,18:51:46,12.24,4.24,OK
27,2026-09-09,06:27:17,2026-09-09,19:04:23,12.62,4.62,OK
27,2026-09-10,06:29:44,2026-09-10,19:13:17,12.73,4.73,OK
27,2026-09-11,06:12:43,2026-09-11,19:28:16,13.26,5.26,OK
27,2026-09-14,06:46:49,2026-09-14,19:16:45,12.5,4.5,OK
27,2026-09-15,06:30:26,2026-09-15,20:00:09,13.5,5.5,OK
27,2026-09-17,17:17:54,2026-09-18,07:59:45,14.7,6.7,OK
27,2026-09-18,17:52:02,2026-09-19,07:20:31,13.47,5.47,OK
27,2026-09-21,06:22:22,2026-09-21,19:39:19,13.28,5.28,OK
27,2026-09-22,06:17:37,2026-09-22,19:19:51,13.04,5.04,OK
27,2026-09-23,06:44:57,2026-09-23,17:28:43,10.73,2.73,OK
27,2026-09-24,07:27:06,2026-09-24,17:16:34,9.82,1.82,OK
28,2026-08-26,07:05:44,2026-08-26,19:38:04,12.54,4.54,OK
28,2026-08-27,07:26:35,2026-08-27,20:11:06,12.74,4.74,OK
28,2026-08-28,11:09:36,2026-08-28,17:39:41,6.5,0.0,OK
28,2026-08-29,10:04:53,2026-08-29,18:25:49,8.35,0.35,OK
28,2026-08-30,09:34:02,2026-08-30,18:05:23,8.52,0.52,OK
28,2026-08-31,09:57:49,2026-08-31,17:32:43,7.58,0.0,OK
28,2026-09-01,07:36:19,2026-09-01,20:10:56,12.58,4.58,OK
28,2026-09-02,07:28:18,2026-09-02,19:44:01,12.26,4.26,OK
28,2026-09-03,07:08:38,2026-09-03,19:56:56,12.8,4.8,OK
28,2026-09-04,07:13:30,2026-09-04,20:16:16,13.05,5.05,OK
28,2026-09-10,07:01:46,2026-09-12,07:58:03,48.94,40.94,OK
28,2026-09-10,19:41:43,2026-09-12,07:58:03,36.27,28.27,OK
28,2026-09-11,18:48:29,2026-09-12,07:58:03,13.16,5.16,OK
28,2026-09-14,07:39:24,2026-09-14,19:43:28,12.07,4.07,OK
28,2026-09-15,07:01:12,2026-09-15,20:49:06,13.8,5.8,OK
28,2026-09-16,06:56:30,2026-09-16,20:06:01,13.16,5.16,OK
28,2026-09-17,06:59:36,2026-09-17,20:24:53,13.42,5.42,OK
28,2026-09-18,06:59:32,2026-09-18,20:40:48,13.69,5.69,OK
28,2026-09-21,07:32:43,2026-09-21,19:54:08,12.36,4.36,OK
28,2026-09-22,07:06:33,2026-09-22,19:36:59,12.51,4.51,OK
29,2026-08-26,07:07:34,2026-08-26,19:38:15,12.51,4.51,OK
29,2026-08-27,07:15:41,2026-08-27,20:00:04,12.74,4.74,OK
29,2026-08-28,07:21:32,2026-08-28,17:39:58,10.31,2.31,OK
29,2026-09-01,18:45:52,2026-09-02,10:01:59,15.27,7.27,OK
29,2026-09-03,06:58:22,2026-09-03,19:56:36,12.97,4.97,OK
29,2026-09-04,18:05:44,2026-09-05,08:59:38,14.9,6.9,OK
29,2026-09-07,07:06:59,2026-09-07,17:25:30,10.31,2.31,OK
29,2026-09-10,07:09:09,2026-09-10,19:40:27,12.52,4.52,OK
29,2026-09-14,07:14:53,2026-09-14,19:43:11,12.47,4.47,OK
29,2026-09-15,07:16:17,2026-09-15,20:02:19,12.77,4.77,OK
29,2026-09-17,18:40:11,2026-09-18,08:54:44,14.24,6.24,OK
29,2026-09-18,18:51:04,2026-09-19,07:37:18,12.77,4.77,OK
29,2026-09-21,07:07:48,2026-09-21,19:49:07,12.69,4.69,OK
29,2026-09-22,07:09:30,2026-09-22,19:25:17,12.26,4.26,OK
29,2026-09-23,07:08:59,2026-09-23,17:20:43,10.2,2.2,OK
29,2026-09-24,07:38:41,2026-09-24,17:24:39,9.77,1.77,OK
3,2026-08-25,11:41:23,2026-08-25,16:28:27,4.78,0.0,OK
3,2026-08-26,07:18:53,2026-08-26,19:37:20,12.31,4.31,OK
3,2026-08-27,07:13:47,2026-08-27,19:56:36,12.71,4.71,OK
3,2026-08-28,07:03:37,2026-08-28,20:25:16,13.36,5.36,OK
3,2026-08-29,12:07:42,2026-09-14,19:32:17,391.41,383.41,OK
3,2026-09-14,07:21:14,2026-09-14,19:32:17,12.18,4.18,OK
3,2026-09-15,07:16:26,2026-09-15,20:23:55,13.12,5.12,OK
3,2026-09-16,07:01:28,2026-09-16,19:39:26,12.63,4.63,OK
3,2026-09-17,07:18:26,2026-09-17,20:04:54,12.77,4.77,OK
3,2026-09-18,07:17:49,2026-09-18,20:46:47,13.48,5.48,OK
3,2026-09-21,07:37:53,2026-09-21,18:58:50,11.35,3.35,OK
3,2026-09-22,07:23:25,2026-09-22,19:58:46,12.59,4.59,OK
3,2026-09-23,07:16:26,2026-09-23,18:27:08,11.18,3.18,OK
3,2026-09-24,07:27:17,2026-09-24,17:52:14,10.42,2.42,OK
31,2026-09-08,07:24:12,2026-09-08,18:53:36,11.49,3.49,OK
31,2026-09-09,07:35:34,2026-09-09,19:00:45,11.42,3.42,OK
31,2026-09-10,07:26:39,2026-09-10,19:12:39,11.77,3.77,OK
31,2026-09-11,07:20:17,2026-09-11,19:30:22,12.17,4.17,OK
31,2026-09-14,07:28:55,2026-09-14,19:16:22,11.79,3.79,OK
31,2026-09-15,07:26:03,2026-09-15,19:19:18,11.89,3.89,OK
31,2026-09-16,07:20:41,2026-09-17,19:19:10,35.97,27.97,OK
31,2026-09-16,19:17:16,2026-09-17,19:19:10,24.03,16.03,OK
31,2026-09-17,07:35:05,2026-09-17,19:19:10,11.73,3.73,OK
31,2026-09-18,07:23:33,2026-09-18,19:28:15,12.08,4.08,OK
31,2026-09-21,07:35:46,2026-09-21,19:20:30,11.75,3.75,OK
31,2026-09-22,07:20:42,2026-09-22,19:11:40,11.85,3.85,OK
31,2026-09-23,07:23:54,2026-09-23,17:12:08,9.8,1.8,OK
31,2026-09-24,07:44:45,2026-09-24,17:17:21,9.54,1.54,OK
34,2026-08-26,08:15:24,2026-08-26,18:47:51,10.54,2.54,OK
34,2026-08-27,07:52:34,2026-08-27,18:44:52,10.87,2.87,OK
34,2026-08-28,07:45:23,2026-08-28,17:15:58,9.51,1.51,OK
34,2026-08-31,07:50:38,2026-08-31,20:45:33,12.92,4.92,OK
34,2026-09-01,07:43:24,2026-09-01,19:13:47,11.51,3.51,OK
34,2026-09-02,07:40:06,2026-09-02,19:11:54,11.53,3.53,OK
34,2026-09-03,07:45:36,2026-09-03,18:59:42,11.24,3.24,OK
34,2026-09-04,07:46:52,2026-09-04,19:06:07,11.32,3.32,OK
34,2026-09-07,08:01:08,2026-09-07,17:08:45,9.13,1.13,OK
34,2026-09-08,07:48:02,2026-09-08,18:44:52,10.95,2.95,OK
34,2026-09-09,07:44:22,2026-09-09,19:59:36,12.25,4.25,OK
34,2026-09-10,07:49:31,2026-09-10,19:10:54,11.36,3.36,OK
34,2026-09-11,07:44:33,2026-09-11,20:35:14,12.84,4.84,OK
34,2026-09-12,08:36:02,2026-09-12,17:50:29,9.24,1.24,OK
34,2026-09-14,07:47:03,2026-09-14,18:56:35,11.16,3.16,OK
34,2026-09-15,07:42:02,2026-09-15,19:52:09,12.17,4.17,OK
34,2026-09-16,07:47:07,2026-09-16,19:55:50,12.15,4.15,OK
34,2026-09-17,07:43:29,2026-09-17,20:16:39,12.55,4.55,OK
34,2026-09-18,07:40:28,2026-09-18,20:14:16,12.56,4.56,OK
34,2026-09-19,08:41:08,2026-09-19,14:48:43,6.13,0.0,OK
34,2026-09-21,07:53:03,2026-09-21,19:11:25,11.31,3.31,OK
34,2026-09-22,07:45:31,2026-09-22,19:04:42,11.32,3.32,OK
34,2026-09-23,07:46:08,2026-09-23,18:19:14,10.55,2.55,OK
34,2026-09-24,08:10:40,2026-09-24,17:25:45,9.25,1.25,OK
36,2026-08-26,06:38:53,2026-08-26,17:04:02,10.42,2.42,OK
36,2026-08-27,06:53:41,2026-08-27,16:59:34,10.1,2.1,OK
36,2026-08-31,06:44:40,2026-08-31,20:45:05,14.01,6.01,OK
36,2026-09-01,06:52:16,2026-09-01,21:02:49,14.18,6.18,OK
36,2026-09-02,06:57:35,2026-09-02,17:54:15,10.94,2.94,OK
36,2026-09-03,06:52:03,2026-09-03,19:04:27,12.21,4.21,OK
36,2026-09-04,06:56:03,2026-09-04,19:53:54,12.96,4.96,OK
36,2026-09-07,06:51:03,2026-09-08,19:23:30,36.54,28.54,OK
36,2026-09-07,17:02:33,2026-09-08,19:23:30,26.35,18.35,OK
36,2026-09-08,06:49:12,2026-09-08,19:23:30,12.57,4.57,OK
36,2026-09-09,06:53:21,2026-09-09,19:55:28,13.04,5.04,OK
36,2026-09-10,06:46:48,2026-09-10,18:39:13,11.87,3.87,OK
36,2026-09-11,06:47:14,2026-09-11,20:16:42,13.49,5.49,OK
36,2026-09-14,06:56:55,2026-09-14,19:31:35,12.58,4.58,OK
36,2026-09-15,06:49:10,2026-09-15,19:20:05,12.52,4.52,OK
36,2026-09-16,06:42:41,2026-09-16,20:03:51,13.35,5.35,OK
36,2026-09-17,06:41:53,2026-09-17,21:07:25,14.43,6.43,OK
36,2026-09-18,06:40:57,2026-09-18,21:15:34,14.58,6.58,OK
36,2026-09-19,06:54:58,2026-09-19,14:38:25,7.72,0.0,OK
36,2026-09-21,06:46:28,2026-09-21,19:17:27,12.52,4.52,OK
36,2026-09-22,06:52:35,2026-09-22,17:01:50,10.15,2.15,OK
36,2026-09-23,06:54:04,2026-09-23,17:00:34,10.11,2.11,OK
36,2026-09-24,07:02:11,2026-09-24,17:01:31,9.99,1.99,OK
39,2026-08-26,07:08:56,2026-08-26,17:03:10,9.9,1.9,OK
39,2026-08-27,07:02:36,2026-08-27,17:00:23,9.96,1.96,OK
39,2026-08-28,06:59:32,2026-08-28,17:03:21,10.06,2.06,OK
39,2026-08-31,07:05:31,2026-08-31,18:11:55,11.11,3.11,OK
39,2026-09-01,07:03:55,2026-09-01,20:59:37,13.93,5.93,OK
39,2026-09-02,07:06:56,2026-09-02,17:53:59,10.78,2.78,OK
39,2026-09-03,07:01:12,2026-09-03,18:56:41,11.92,3.92,OK
39,2026-09-07,07:18:22,2026-09-07,17:02:05,9.73,1.73,OK
39,2026-09-08,07:04:07,2026-09-08,19:07:37,12.06,4.06,OK
39,2026-09-09,07:16:07,2026-09-09,17:18:28,10.04,2.04,OK
39,2026-09-10,07:06:53,2026-09-10,18:39:06,11.54,3.54,OK
39,2026-09-11,07:01:06,2026-09-11,20:15:51,13.25,5.25,OK
39,2026-09-14,07:25:15,2026-09-14,19:25:03,12.0,4.0,OK
39,2026-09-15,07:11:07,2026-09-15,18:39:19,11.47,3.47,OK
39,2026-09-16,07:04:47,2026-09-16,18:08:55,11.07,3.07,OK
39,2026-09-17,07:06:43,2026-09-17,21:07:20,14.01,6.01,OK
39,2026-09-18,07:08:09,2026-09-18,21:14:44,14.11,6.11,OK
39,2026-09-19,07:01:39,2026-09-19,14:37:21,7.6,0.0,OK
39,2026-09-21,07:11:35,2026-09-21,19:17:40,12.1,4.1,OK
39,2026-09-22,07:03:56,2026-09-22,17:02:21,9.97,1.97,OK
39,2026-09-23,07:23:59,2026-09-23,17:03:17,9.65,1.65,OK
39,2026-09-24,07:11:18,2026-09-24,17:02:21,9.85,1.85,OK
4,2026-08-26,06:58:22,2026-08-26,19:40:41,12.71,4.71,OK
4,2026-08-27,07:00:19,2026-08-27,19:55:34,12.92,4.92,OK
4,2026-08-28,06:40:33,2026-08-28,20:26:54,13.77,5.77,OK
4,2026-08-31,06:52:06,2026-08-31,21:06:28,14.24,6.24,OK
4,2026-09-01,18:49:26,2026-09-02,08:40:22,13.85,5.85,OK
4,2026-09-03,06:42:54,2026-09-03,20:04:58,13.37,5.37,OK
4,2026-09-04,18:46:52,2026-09-05,09:19:14,14.54,6.54,OK
4,2026-09-07,06:57:32,2026-09-07,17:44:06,10.78,2.78,OK
4,2026-09-08,06:54:55,2026-09-08,19:45:23,12.84,4.84,OK
4,2026-09-09,06:51:40,2026-09-09,20:08:41,13.28,5.28,OK
4,2026-09-10,06:47:13,2026-09-10,19:28:25,12.69,4.69,OK
4,2026-09-11,18:54:32,2026-09-12,08:16:08,13.36,5.36,OK
4,2026-09-14,07:13:14,2026-09-14,20:01:37,12.81,4.81,OK
4,2026-09-15,07:03:01,2026-09-15,20:22:20,13.32,5.32,OK
4,2026-09-17,18:53:58,2026-09-18,09:14:52,14.35,6.35,OK
4,2026-09-18,18:55:28,2026-09-19,09:06:35,14.19,6.19,OK
4,2026-09-21,07:00:28,2026-09-21,19:47:26,12.78,4.78,OK
4,2026-09-22,06:50:54,2026-09-22,19:58:37,13.13,5.13,OK
4,2026-09-23,07:00:23,2026-09-23,18:31:57,11.53,3.53,OK
4,2026-09-24,07:54:18,2026-09-24,18:29:25,10.59,2.59,OK
41,2026-08-26,07:09:11,2026-08-26,19:19:36,12.17,4.17,OK
41,2026-08-27,07:06:36,2026-08-27,19:56:51,12.84,4.84,OK
41,2026-08-31,07:24:19,2026-08-31,17:23:38,9.99,1.99,OK
41,2026-09-01,06:59:44,2026-09-01,19:35:53,12.6,4.6,OK
41,2026-09-02,07:15:10,2026-09-02,19:30:50,12.26,4.26,OK
41,2026-09-03,07:06:33,2026-09-03,19:48:59,12.71,4.71,OK
41,2026-09-04,07:03:22,2026-09-04,19:30:01,12.44,4.44,OK
41,2026-09-10,07:18:04,2026-09-10,19:22:11,12.07,4.07,OK
41,2026-09-11,19:17:14,2026-09-12,07:41:38,12.41,4.41,OK
41,2026-09-16,06:57:42,2026-09-16,19:43:41,12.77,4.77,OK
41,2026-09-17,06:55:08,2026-09-17,19:28:51,12.56,4.56,OK
41,2026-09-18,07:01:36,2026-09-18,19:31:43,12.5,4.5,OK
41,2026-09-21,07:15:51,2026-09-21,19:40:49,12.42,4.42,OK
41,2026-09-22,06:56:41,2026-09-22,19:16:47,12.34,4.34,OK
44,2026-09-09,07:22:26,2026-09-09,17:29:16,10.11,2.11,OK
44,2026-09-10,07:07:05,2026-09-10,18:38:07,11.52,3.52,OK
44,2026-09-11,07:12:35,2026-09-11,20:19:42,13.12,5.12,OK
44,2026-09-14,07:10:23,2026-09-14,19:38:16,12.46,4.46,OK
44,2026-09-15,07:13:05,2026-09-15,19:23:02,12.17,4.17,OK
44,2026-09-16,07:15:53,2026-09-16,18:14:18,10.97,2.97,OK
44,2026-09-17,07:14:03,2026-09-17,21:11:37,13.96,5.96,OK
44,2026-09-18,07:12:45,2026-09-18,17:57:37,10.75,2.75,OK
44,2026-09-21,07:21:18,2026-09-21,19:19:59,11.98,3.98,OK
44,2026-09-22,07:08:50,2026-09-22,17:28:43,10.33,2.33,OK
44,2026-09-23,07:17:42,2026-09-23,17:06:13,9.81,1.81,OK
44,2026-09-24,07:31:39,2026-09-24,17:22:51,9.85,1.85,OK
48,2026-08-26,07:02:03,2026-08-26,19:19:48,12.3,4.3,OK
48,2026-08-27,06:53:48,2026-08-27,19:52:48,12.98,4.98,OK
48,2026-08-28,06:58:36,2026-08-28,17:18:45,10.34,2.34,OK
48,2026-08-31,07:32:42,2026-08-31,18:52:48,11.34,3.34,OK
48,2026-09-01,06:52:31,2026-09-01,19:38:01,12.76,4.76,OK
48,2026-09-03,06:52:44,2026-09-03,19:14:40,12.37,4.37,OK
48,2026-09-04,06:56:32,2026-09-04,19:54:19,12.96,4.96,OK
48,2026-09-07,06:52:01,2026-09-07,17:20:23,10.47,2.47,OK
48,2026-09-08,06:49:43,2026-09-08,18:47:51,11.97,3.97,OK
48,2026-09-09,06:53:40,2026-09-09,19:11:18,12.29,4.29,OK
48,2026-09-10,06:46:55,2026-09-10,19:28:07,12.69,4.69,OK
48,2026-09-11,06:46:45,2026-09-11,19:31:05,12.74,4.74,OK
48,2026-09-14,07:19:50,2026-09-14,19:28:17,12.14,4.14,OK
48,2026-09-15,06:49:22,2026-09-15,19:47:35,12.97,4.97,OK
48,2026-09-17,19:05:54,2026-09-17,20:15:47,1.16,0.0,OK
48,2026-09-21,07:21:59,2026-09-21,19:37:41,12.26,4.26,OK
48,2026-09-22,06:52:41,2026-09-22,19:25:02,12.54,4.54,OK
48,2026-09-23,06:53:35,2026-09-23,17:17:12,10.39,2.39,OK
48,2026-09-24,07:01:56,2026-09-24,17:15:17,10.22,2.22,OK
49,2026-08-28,07:22:34,2026-08-28,17:18:39,9.93,1.93,OK
49,2026-08-31,07:10:12,2026-08-31,18:52:07,11.7,3.7,OK
49,2026-09-01,18:37:41,2026-09-02,07:30:40,12.88,4.88,OK
49,2026-09-03,07:03:14,2026-09-03,19:56:00,12.88,4.88,OK
49,2026-09-04,18:35:55,2026-09-05,08:41:34,14.09,6.09,OK
49,2026-09-10,07:17:29,2026-09-10,19:28:01,12.18,4.18,OK
49,2026-09-11,18:26:24,2026-09-12,07:27:08,13.01,5.01,OK
49,2026-09-14,07:21:00,2026-09-14,19:28:33,12.13,4.13,OK
49,2026-09-15,07:11:56,2026-09-15,19:47:12,12.59,4.59,OK
49,2026-09-16,07:26:15,2026-09-16,19:42:27,12.27,4.27,OK
49,2026-09-17,07:21:13,2026-09-17,20:15:13,12.9,4.9,OK
49,2026-09-18,07:23:50,2026-09-18,20:10:53,12.78,4.78,OK
49,2026-09-21,07:21:53,2026-09-21,10:43:54,3.37,0.0,OK
49,2026-09-22,07:32:35,2026-09-22,19:25:23,11.88,3.88,OK
5,2026-08-26,06:55:38,2026-08-26,19:41:07,12.76,4.76,OK
5,2026-08-27,06:54:13,2026-08-27,19:54:43,13.01,5.01,OK
5,2026-08-28,06:54:45,2026-08-28,19:32:22,12.63,4.63,OK
5,2026-09-01,06:57:25,2026-09-01,19:09:03,12.19,4.19,OK
5,2026-09-02,07:00:07,2026-09-02,20:18:39,13.31,5.31,OK
5,2026-09-03,06:55:19,2026-09-03,19:29:55,12.58,4.58,OK
5,2026-09-04,06:58:04,2026-09-04,19:07:27,12.16,4.16,OK
5,2026-09-07,06:58:50,2026-09-07,17:26:06,10.45,2.45,OK
5,2026-09-07,07:01:10,2026-09-07,17:26:06,10.42,2.42,OK
5,2026-09-08,06:55:14,2026-09-08,19:46:14,12.85,4.85,OK
5,2026-09-09,06:59:29,2026-09-09,20:07:42,13.14,5.14,OK
5,2026-09-10,06:56:13,2026-09-10,19:28:49,12.54,4.54,OK
5,2026-09-11,06:47:30,2026-09-11,19:15:17,12.46,4.46,OK
5,2026-09-14,06:52:09,2026-09-14,20:02:32,13.17,5.17,OK
5,2026-09-14,06:53:09,2026-09-14,20:02:32,13.16,5.16,OK
5,2026-09-15,06:53:51,2026-09-15,20:19:47,13.43,5.43,OK
5,2026-09-16,06:53:18,2026-09-16,20:02:54,13.16,5.16,OK
5,2026-09-17,06:53:16,2026-09-17,19:24:40,12.52,4.52,OK
5,2026-09-18,06:57:34,2026-09-18,19:27:41,12.5,4.5,OK
5,2026-09-21,06:59:30,2026-09-21,19:46:19,12.78,4.78,OK
5,2026-09-22,06:49:43,2026-09-22,19:35:44,12.77,4.77,OK
5,2026-09-23,09:20:44,2026-09-23,18:44:41,9.4,1.4,OK
5,2026-09-24,07:18:54,2026-09-24,18:30:08,11.19,3.19,OK
50,2026-08-26,07:54:22,2026-08-26,19:21:26,11.45,3.45,OK
50,2026-08-27,07:07:09,2026-08-27,19:48:41,12.69,4.69,OK
50,2026-08-28,07:17:05,2026-08-28,17:19:16,10.04,2.04,OK
50,2026-08-31,07:31:28,2026-08-31,17:20:41,9.82,1.82,OK
50,2026-09-01,07:23:32,2026-09-01,19:41:32,12.3,4.3,OK
50,2026-09-02,07:24:43,2026-09-02,19:38:35,12.23,4.23,OK
50,2026-09-03,07:22:36,2026-09-03,19:39:30,12.28,4.28,OK
50,2026-09-04,07:33:19,2026-09-04,19:43:08,12.16,4.16,OK
50,2026-09-10,07:17:21,2026-09-10,19:20:34,12.05,4.05,OK
50,2026-09-11,18:58:22,2026-09-14,19:21:12,72.38,64.38,OK
50,2026-09-12,07:10:33,2026-09-14,19:21:12,60.18,52.18,OK
50,2026-09-14,07:16:02,2026-09-14,19:21:12,12.09,4.09,OK
50,2026-09-15,07:10:42,2026-09-15,19:31:54,12.35,4.35,OK
50,2026-09-16,07:07:12,2026-09-16,19:35:37,12.47,4.47,OK
50,2026-09-18,06:57:04,2026-09-18,19:15:03,12.3,4.3,OK
50,2026-09-22,07:09:56,2026-09-22,19:14:06,12.07,4.07,OK
51,2026-08-26,07:02:19,2026-08-26,19:25:19,12.38,4.38,OK
51,2026-08-27,06:55:54,2026-08-27,19:49:21,12.89,4.89,OK
51,2026-09-01,06:52:38,2026-09-01,19:33:17,12.68,4.68,OK
51,2026-09-02,07:07:31,2026-09-02,19:35:59,12.47,4.47,OK
51,2026-09-03,06:56:10,2026-09-03,19:50:16,12.9,4.9,OK
51,2026-09-04,07:07:28,2026-09-04,17:12:28,10.08,2.08,OK
51,2026-09-07,07:03:47,2026-09-07,17:34:11,10.51,2.51,OK
51,2026-09-08,06:52:42,2026-09-08,18:42:10,11.82,3.82,OK
51,2026-09-14,06:58:59,2026-09-14,19:23:38,12.41,4.41,OK
51,2026-09-15,07:05:27,2026-09-15,19:35:52,12.51,4.51,OK
51,2026-09-17,18:42:02,2026-09-18,07:45:47,13.06,5.06,OK
51,2026-09-18,19:11:12,2026-09-19,07:28:20,12.29,4.29,OK
51,2026-09-21,06:59:48,2026-09-21,19:41:38,12.7,4.7,OK
51,2026-09-22,10:17:39,2026-09-22,19:23:10,9.09,1.09,OK
51,2026-09-23,07:06:16,2026-09-23,17:24:11,10.3,2.3,OK
51,2026-09-24,07:34:33,2026-09-24,17:16:10,9.69,1.69,OK
57,2026-08-26,06:53:26,2026-08-26,19:11:04,12.29,4.29,OK
57,2026-08-27,06:55:46,2026-08-27,19:47:47,12.87,4.87,OK
57,2026-08-28,06:53:37,2026-08-28,17:18:12,10.41,2.41,OK
57,2026-09-01,18:44:14,2026-09-02,07:35:47,12.86,4.86,OK
57,2026-09-03,06:46:58,2026-09-03,19:16:52,12.5,4.5,OK
57,2026-09-04,18:22:46,2026-09-05,08:38:46,14.27,6.27,OK
57,2026-09-07,06:43:58,2026-09-07,17:20:32,10.61,2.61,OK
57,2026-09-08,06:53:06,2026-09-08,18:44:15,11.85,3.85,OK
57,2026-09-09,06:43:28,2026-09-09,19:12:51,12.49,4.49,OK
57,2026-09-10,06:46:03,2026-09-10,19:16:12,12.5,4.5,OK
57,2026-09-11,06:42:24,2026-09-11,19:30:33,12.8,4.8,OK
57,2026-09-14,06:50:39,2026-09-14,19:23:07,12.54,4.54,OK
57,2026-09-15,06:44:06,2026-09-15,20:00:37,13.28,5.28,OK
57,2026-09-17,18:24:37,2026-09-18,07:44:45,13.34,5.34,OK
57,2026-09-18,18:22:12,2026-09-19,07:41:40,13.32,5.32,OK
57,2026-09-21,06:59:37,2026-09-21,19:40:28,12.68,4.68,OK
57,2026-09-22,06:58:38,2026-09-22,19:13:09,12.24,4.24,OK
57,2026-09-23,07:11:32,2026-09-24,17:09:59,33.97,25.97,OK
57,2026-09-23,17:12:28,2026-09-24,17:09:59,23.96,15.96,OK
57,2026-09-24,07:11:52,2026-09-24,17:09:59,9.97,1.97,OK
60,2026-08-25,07:55:49,2026-08-25,17:38:58,9.72,1.72,OK
60,2026-08-26,07:07:54,2026-08-26,18:05:22,10.96,2.96,OK
60,2026-08-27,06:59:54,2026-08-27,18:08:50,11.15,3.15,OK
60,2026-08-28,06:52:42,2026-08-28,17:35:56,10.72,2.72,OK
60,2026-08-29,07:31:31,2026-08-29,17:42:56,10.19,2.19,OK
60,2026-08-31,06:50:45,2026-08-31,17:30:52,10.67,2.67,OK
60,2026-09-01,07:14:36,2026-09-01,18:52:16,11.63,3.63,OK
60,2026-09-02,07:14:50,2026-09-02,18:23:58,11.15,3.15,OK
60,2026-09-03,07:00:25,2026-09-03,18:27:33,11.45,3.45,OK
60,2026-09-04,06:53:56,2026-09-04,19:36:48,12.71,4.71,OK
60,2026-09-05,07:29:21,2026-09-05,11:56:28,4.45,0.0,OK
60,2026-09-07,06:51:55,2026-09-07,17:31:21,10.66,2.66,OK
60,2026-09-08,07:01:29,2026-09-08,18:55:25,11.9,3.9,OK
60,2026-09-09,06:46:22,2026-09-09,18:00:55,11.24,3.24,OK
60,2026-09-10,06:44:04,2026-09-10,17:59:47,11.26,3.26,OK
60,2026-09-11,06:54:25,2026-09-11,20:50:43,13.94,5.94,OK
60,2026-09-12,08:09:27,2026-09-12,19:36:31,11.45,3.45,OK
60,2026-09-14,06:52:21,2026-09-14,18:22:58,11.51,3.51,OK
60,2026-09-15,06:48:00,2026-09-15,20:06:35,13.31,5.31,OK
60,2026-09-16,07:11:26,2026-09-16,19:02:09,11.85,3.85,OK
60,2026-09-17,06:55:22,2026-09-17,20:07:15,13.2,5.2,OK
60,2026-09-18,07:34:24,2026-09-18,19:59:40,12.42,4.42,OK
60,2026-09-19,08:22:21,2026-09-19,14:37:32,6.25,0.0,OK
60,2026-09-21,07:17:48,2026-09-21,18:42:58,11.42,3.42,OK
60,2026-09-22,07:26:57,2026-09-22,18:52:20,11.42,3.42,OK
60,2026-09-23,07:21:59,2026-09-23,18:06:14,10.74,2.74,OK
60,2026-09-24,07:42:47,2026-09-24,17:16:43,9.57,1.57,OK
61,2026-08-25,07:46:22,2026-08-25,17:15:55,9.49,1.49,OK
61,2026-08-26,07:02:10,2026-08-26,18:03:01,11.01,3.01,OK
61,2026-08-27,06:53:01,2026-08-27,18:09:14,11.27,3.27,OK
61,2026-08-28,06:54:53,2026-08-28,17:27:44,10.55,2.55,OK
61,2026-08-31,07:06:21,2026-08-31,17:22:42,10.27,2.27,OK
61,2026-09-01,07:06:02,2026-09-01,18:52:28,11.77,3.77,OK
61,2026-09-02,07:32:45,2026-09-02,18:35:00,11.04,3.04,OK
61,2026-09-03,06:45:37,2026-09-03,18:29:04,11.72,3.72,OK
61,2026-09-04,07:02:38,2026-09-04,18:48:37,11.77,3.77,OK
61,2026-09-05,07:21:52,2026-09-07,17:11:32,57.83,49.83,OK
61,2026-09-07,07:08:25,2026-09-07,17:11:32,10.05,2.05,OK
61,2026-09-08,07:12:08,2026-09-08,18:33:29,11.36,3.36,OK
61,2026-09-09,06:57:25,2026-09-09,17:48:34,10.85,2.85,OK
61,2026-09-10,07:19:02,2026-09-10,17:53:50,10.58,2.58,OK
61,2026-09-11,07:17:20,2026-09-11,19:27:25,12.17,4.17,OK
61,2026-09-12,08:24:06,2026-09-12,19:10:17,10.77,2.77,OK
61,2026-09-14,07:23:32,2026-09-14,18:01:40,10.64,2.64,OK
61,2026-09-15,07:04:30,2026-09-15,19:58:59,12.91,4.91,OK
61,2026-09-16,07:21:15,2026-09-16,19:01:45,11.68,3.68,OK
61,2026-09-17,07:21:01,2026-09-17,20:05:39,12.74,4.74,OK
61,2026-09-18,07:47:55,2026-09-18,19:32:08,11.74,3.74,OK
61,2026-09-19,08:21:45,2026-09-19,12:04:33,3.71,0.0,OK
61,2026-09-21,07:17:31,2026-09-21,18:42:53,11.42,3.42,OK
61,2026-09-22,07:28:32,2026-09-22,18:52:07,11.39,3.39,OK
61,2026-09-23,07:30:39,2026-09-23,18:04:36,10.57,2.57,OK
61,2026-09-24,07:42:25,2026-09-24,17:09:53,9.46,1.46,OK
62,2026-08-25,07:25:58,2026-08-25,18:52:35,11.44,3.44,OK
62,2026-08-26,07:56:26,2026-08-26,18:26:10,10.5,2.5,OK
62,2026-08-27,07:46:15,2026-08-27,18:14:51,10.48,2.48,OK
62,2026-08-28,07:33:25,2026-08-28,17:36:07,10.04,2.04,OK
62,2026-08-31,07:47:40,2026-08-31,17:34:18,9.78,1.78,OK
62,2026-09-01,07:28:22,2026-09-01,19:17:43,11.82,3.82,OK
62,2026-09-02,07:40:15,2026-09-02,18:21:15,10.68,2.68,OK
62,2026-09-03,06:44:15,2026-09-03,19:09:54,12.43,4.43,OK
62,2026-09-04,06:33:30,2026-09-04,18:59:11,12.43,4.43,OK
62,2026-09-05,08:44:17,2026-09-05,12:53:59,4.16,0.0,OK
62,2026-09-07,07:35:33,2026-09-07,18:54:39,11.32,3.32,OK
62,2026-09-08,06:20:08,2026-09-08,18:51:19,12.52,4.52,OK
62,2026-09-09,06:15:29,2026-09-09,18:25:11,12.16,4.16,OK
62,2026-09-10,06:20:44,2026-09-10,18:32:46,12.2,4.2,OK
62,2026-09-11,07:11:16,2026-09-11,19:35:56,12.41,4.41,OK
62,2026-09-12,07:40:18,2026-09-12,19:34:40,11.91,3.91,OK
62,2026-09-14,07:18:07,2026-09-14,19:06:52,11.81,3.81,OK
62,2026-09-15,06:37:29,2026-09-15,19:40:09,13.04,5.04,OK
62,2026-09-16,06:42:59,2026-09-16,19:15:16,12.54,4.54,OK
62,2026-09-17,07:15:17,2026-09-17,20:06:10,12.85,4.85,OK
62,2026-09-18,07:14:41,2026-09-18,19:33:29,12.31,4.31,OK
62,2026-09-19,08:22:35,2026-09-19,16:04:29,7.7,0.0,OK
63,2026-08-25,06:58:00,2026-08-25,18:52:27,11.91,3.91,OK
63,2026-08-26,06:56:16,2026-08-26,19:01:10,12.08,4.08,OK
63,2026-08-27,06:50:18,2026-08-27,18:45:14,11.92,3.92,OK
63,2026-08-28,06:56:26,2026-08-28,18:56:12,12.0,4.0,OK
63,2026-08-31,06:56:14,2026-08-31,20:54:42,13.97,5.97,OK
63,2026-09-01,06:51:11,2026-09-01,20:40:32,13.82,5.82,OK
63,2026-09-02,07:12:46,2026-09-02,20:30:42,13.3,5.3,OK
63,2026-09-03,06:56:34,2026-09-03,18:45:13,11.81,3.81,OK
63,2026-09-04,07:05:25,2026-09-04,20:18:55,13.22,5.22,OK
63,2026-09-05,07:23:05,2026-09-05,14:05:47,6.71,0.0,OK
63,2026-09-07,06:59:14,2026-09-07,18:04:35,11.09,3.09,OK
63,2026-09-08,06:57:58,2026-09-08,18:52:03,11.9,3.9,OK
63,2026-09-09,06:55:49,2026-09-09,20:19:16,13.39,5.39,OK
63,2026-09-10,07:06:46,2026-09-10,19:24:43,12.3,4.3,OK
63,2026-09-11,06:59:48,2026-09-11,21:29:31,14.5,6.5,OK
63,2026-09-12,07:30:45,2026-09-12,20:18:39,12.8,4.8,OK
63,2026-09-14,07:00:14,2026-09-14,17:57:00,10.95,2.95,OK
63,2026-09-15,07:00:31,2026-09-15,20:43:01,13.71,5.71,OK
63,2026-09-16,07:08:24,2026-09-16,20:17:21,13.15,5.15,OK
63,2026-09-17,07:02:23,2026-09-17,21:57:44,14.92,6.92,OK
63,2026-09-18,07:04:00,2026-09-18,20:47:55,13.73,5.73,OK
63,2026-09-19,07:41:24,2026-09-19,15:09:30,7.47,0.0,OK
63,2026-09-21,06:58:01,2026-09-21,19:46:31,12.81,4.81,OK
63,2026-09-22,06:58:23,2026-09-22,19:29:44,12.52,4.52,OK
63,2026-09-23,06:53:45,2026-09-23,19:12:51,12.32,4.32,OK
63,2026-09-24,07:42:54,2026-09-24,17:35:24,9.88,1.88,OK
65,2026-08-26,07:06:45,2026-08-26,19:14:26,12.13,4.13,OK
65,2026-08-27,06:56:12,2026-08-27,19:50:27,12.9,4.9,OK
65,2026-08-31,07:07:50,2026-08-31,17:19:32,10.2,2.2,OK
65,2026-09-01,07:03:10,2026-09-01,19:25:10,12.37,4.37,OK
65,2026-09-02,07:08:57,2026-09-02,19:33:57,12.42,4.42,OK
65,2026-09-03,06:59:18,2026-09-03,19:28:25,12.49,4.49,OK
65,2026-09-04,06:56:20,2026-09-04,19:15:03,12.31,4.31,OK
65,2026-09-10,07:01:02,2026-09-10,19:29:38,12.48,4.48,OK
65,2026-09-11,18:53:13,2026-09-12,07:23:06,12.5,4.5,OK
65,2026-09-14,07:20:16,2026-09-14,19:22:35,12.04,4.04,OK
65,2026-09-15,06:59:30,2026-09-15,20:01:20,13.03,5.03,OK
65,2026-09-16,06:52:28,2026-09-16,19:26:21,12.56,4.56,OK
65,2026-09-17,06:59:16,2026-09-17,19:23:15,12.4,4.4,OK
65,2026-09-18,06:57:48,2026-09-18,19:21:21,12.39,4.39,OK
65,2026-09-21,07:03:24,2026-09-21,19:38:52,12.59,4.59,OK
65,2026-09-22,06:55:21,2026-09-22,19:14:00,12.31,4.31,OK
70,2026-08-25,08:59:37,2026-08-26,18:39:52,33.67,25.67,OK
70,2026-08-26,07:35:12,2026-08-26,18:39:52,11.08,3.08,OK
70,2026-08-27,08:11:24,2026-08-31,16:55:13,104.73,96.73,OK
70,2026-08-28,08:54:05,2026-08-31,16:55:13,80.02,72.02,OK
70,2026-08-31,11:08:10,2026-08-31,16:55:13,5.78,0.0,OK
70,2026-09-01,08:02:08,2026-09-01,18:22:28,10.34,2.34,OK
70,2026-09-07,06:47:08,2026-09-16,18:03:11,227.27,219.27,OK
70,2026-09-16,09:15:32,2026-09-16,18:03:11,8.79,0.79,OK
70,2026-09-17,07:55:56,MISSING,MISSING,0.0,0.0,MISSING CLOSING CLOCK
70,2026-09-17,18:10:58,MISSING,MISSING,0.0,0.0,MISSING CLOSING CLOCK
70,2026-09-18,07:31:58,MISSING,MISSING,0.0,0.0,MISSING CLOSING CLOCK
70,2026-09-18,18:05:14,MISSING,MISSING,0.0,0.0,MISSING CLOSING CLOCK
71,2026-08-26,05:58:10,2026-08-26,19:21:33,13.39,5.39,OK
71,2026-08-27,06:11:03,2026-08-27,19:49:15,13.64,5.64,OK
71,2026-08-28,06:10:24,2026-08-28,17:11:23,11.02,3.02,OK
71,2026-09-01,17:32:14,2026-09-02,07:32:55,14.01,6.01,OK
71,2026-09-03,06:01:04,2026-09-03,19:18:21,13.29,5.29,OK
71,2026-09-04,17:39:56,2026-09-05,08:32:02,14.87,6.87,OK
71,2026-09-07,06:09:04,2026-09-07,17:20:52,11.2,3.2,OK
71,2026-09-08,06:03:59,2026-09-08,18:44:40,12.68,4.68,OK
71,2026-09-09,06:08:52,2026-09-09,19:09:53,13.02,5.02,OK
71,2026-09-10,06:16:36,2026-09-10,19:20:57,13.07,5.07,OK
71,2026-09-11,06:06:53,2026-09-11,19:20:52,13.23,5.23,OK
71,2026-09-14,06:15:59,2026-09-14,19:18:51,13.05,5.05,OK
71,2026-09-15,06:16:16,2026-09-15,19:35:38,13.32,5.32,OK
71,2026-09-17,17:58:01,2026-09-18,07:45:20,13.79,5.79,OK
71,2026-09-18,18:12:21,2026-09-19,07:19:15,13.12,5.12,OK
71,2026-09-21,06:07:51,2026-09-21,19:33:20,13.42,5.42,OK
71,2026-09-22,06:07:57,2026-09-22,19:12:33,13.08,5.08,OK
71,2026-09-23,06:12:20,2026-09-23,17:17:35,11.09,3.09,OK
71,2026-09-24,06:13:50,2026-09-24,17:15:29,11.03,3.03,OK
72,2026-08-26,06:39:51,2026-08-26,19:20:09,12.67,4.67,OK
72,2026-08-27,06:41:48,2026-08-27,19:48:00,13.1,5.1,OK
72,2026-08-31,06:53:09,2026-08-31,17:15:02,10.36,2.36,OK
72,2026-09-01,06:40:45,2026-09-01,19:15:43,12.58,4.58,OK
72,2026-09-02,06:41:58,2026-09-02,19:19:37,12.63,4.63,OK
72,2026-09-03,06:28:23,2026-09-03,19:20:12,12.86,4.86,OK
72,2026-09-04,06:51:14,2026-09-04,19:18:09,12.45,4.45,OK
72,2026-09-10,06:38:48,2026-09-10,17:01:34,10.38,2.38,OK
72,2026-09-14,06:35:43,2026-09-14,19:24:42,12.82,4.82,OK
72,2026-09-15,06:47:37,2026-09-15,19:36:54,12.82,4.82,OK
72,2026-09-16,06:23:07,2026-09-16,19:24:24,13.02,5.02,OK
72,2026-09-17,06:19:31,2026-09-17,19:24:06,13.08,5.08,OK
72,2026-09-18,06:20:18,2026-09-18,19:21:49,13.03,5.03,OK
72,2026-09-21,07:05:39,2026-09-21,19:28:33,12.38,4.38,OK
72,2026-09-22,06:28:43,2026-09-22,19:12:20,12.73,4.73,OK
74,2026-08-26,06:24:46,2026-08-26,17:59:55,11.59,3.59,OK
74,2026-08-28,06:43:29,2026-08-28,17:22:58,10.66,2.66,OK
74,2026-08-31,06:47:38,2026-08-31,18:35:45,11.8,3.8,OK
74,2026-09-02,06:32:24,2026-09-03,19:02:10,36.5,28.5,OK
74,2026-09-02,18:55:03,2026-09-03,19:02:10,24.12,16.12,OK
74,2026-09-03,06:22:07,2026-09-03,19:02:10,12.67,4.67,OK
74,2026-09-04,06:30:57,2026-09-04,19:12:20,12.69,4.69,OK
74,2026-09-07,06:44:57,2026-09-07,17:41:42,10.95,2.95,OK
74,2026-09-08,06:10:11,2026-09-08,18:45:25,12.59,4.59,OK
74,2026-09-09,06:11:15,2026-09-09,17:44:04,11.55,3.55,OK
74,2026-09-10,06:22:50,2026-09-10,19:09:09,12.77,4.77,OK
74,2026-09-11,06:22:17,2026-09-11,19:16:02,12.9,4.9,OK
74,2026-09-14,06:14:17,2026-09-14,19:16:06,13.03,5.03,OK
74,2026-09-15,06:10:18,2026-09-15,18:44:25,12.57,4.57,OK
74,2026-09-16,06:19:38,2026-09-16,18:12:22,11.88,3.88,OK
74,2026-09-17,06:16:13,2026-09-17,19:29:07,13.22,5.22,OK
74,2026-09-18,06:26:23,2026-09-18,19:02:58,12.61,4.61,OK
74,2026-09-19,07:29:49,2026-09-21,19:39:32,60.16,52.16,OK
74,2026-09-21,06:16:18,2026-09-21,19:39:32,13.39,5.39,OK
74,2026-09-22,06:22:31,2026-09-22,17:56:18,11.56,3.56,OK
74,2026-09-24,06:30:32,2026-09-24,17:27:12,10.94,2.94,OK
75,2026-08-26,06:26:52,2026-08-26,17:01:33,10.58,2.58,OK
75,2026-08-27,06:25:58,2026-08-27,17:02:41,10.61,2.61,OK
75,2026-08-28,06:36:30,2026-08-28,17:00:51,10.41,2.41,OK
75,2026-08-31,06:59:19,2026-08-31,18:08:37,11.16,3.16,OK
75,2026-09-01,06:40:55,2026-09-01,19:03:35,12.38,4.38,OK
75,2026-09-02,06:46:34,2026-09-02,17:52:26,11.1,3.1,OK
75,2026-09-03,06:40:21,2026-09-04,18:56:40,36.27,28.27,OK
75,2026-09-03,18:54:05,2026-09-04,18:56:40,24.04,16.04,OK
75,2026-09-04,06:59:30,2026-09-04,18:56:40,11.95,3.95,OK
75,2026-09-07,07:02:24,2026-09-07,17:06:00,10.06,2.06,OK
75,2026-09-08,07:01:11,2026-09-08,18:51:25,11.84,3.84,OK
75,2026-09-09,06:56:02,2026-09-09,17:17:58,10.37,2.37,OK
75,2026-09-10,06:35:26,2026-09-10,18:35:29,12.0,4.0,OK
75,2026-09-11,06:51:29,2026-09-11,18:58:04,12.11,4.11,OK
75,2026-09-14,07:00:01,2026-09-14,18:57:43,11.96,3.96,OK
75,2026-09-15,07:10:36,2026-09-15,18:41:27,11.51,3.51,OK
75,2026-09-16,06:48:51,2026-09-16,18:06:14,11.29,3.29,OK
75,2026-09-17,06:56:09,2026-09-17,18:59:56,12.06,4.06,OK
75,2026-09-18,06:50:18,2026-09-18,18:58:42,12.14,4.14,OK
75,2026-09-19,06:49:34,2026-09-19,12:45:48,5.94,0.0,OK
75,2026-09-21,06:48:22,2026-09-21,18:56:15,12.13,4.13,OK
75,2026-09-22,06:54:40,2026-09-22,17:00:01,10.09,2.09,OK
75,2026-09-23,06:51:02,2026-09-23,16:57:57,10.12,2.12,OK
75,2026-09-24,07:02:32,2026-09-24,16:58:09,9.93,1.93,OK
76,2026-08-26,06:46:57,2026-08-26,19:18:35,12.53,4.53,OK
76,2026-08-27,06:42:48,2026-08-27,19:55:53,13.22,5.22,OK
76,2026-08-28,06:51:29,2026-08-28,17:19:22,10.46,2.46,OK
76,2026-09-01,18:54:58,2026-09-01,19:31:38,0.61,0.0,OK
76,2026-09-07,06:57:00,2026-09-07,17:22:51,10.43,2.43,OK
76,2026-09-08,06:47:10,2026-09-08,18:44:02,11.95,3.95,OK
76,2026-09-09,06:48:20,2026-09-09,19:17:53,12.49,4.49,OK
76,2026-09-10,06:44:22,2026-09-10,19:30:37,12.77,4.77,OK
76,2026-09-11,06:47:07,2026-09-11,19:35:49,12.81,4.81,OK
76,2026-09-14,09:27:03,2026-09-14,19:29:55,10.05,2.05,OK
76,2026-09-15,06:46:53,2026-09-15,19:36:20,12.82,4.82,OK
76,2026-09-17,18:30:12,2026-09-18,07:49:03,13.31,5.31,OK
76,2026-09-18,18:38:51,2026-09-19,07:20:07,12.69,4.69,OK
76,2026-09-21,06:48:13,2026-09-21,19:36:50,12.81,4.81,OK
76,2026-09-22,06:43:24,2026-09-22,19:23:28,12.67,4.67,OK
76,2026-09-23,06:45:18,2026-09-23,17:21:15,10.6,2.6,OK
76,2026-09-24,07:21:53,2026-09-24,17:24:24,10.04,2.04,OK
78,2026-08-25,12:15:37,2026-08-25,17:41:33,5.43,0.0,OK
78,2026-08-26,06:39:03,2026-08-26,19:29:19,12.84,4.84,OK
78,2026-08-27,06:36:33,2026-08-27,19:55:10,13.31,5.31,OK
78,2026-08-31,06:47:49,2026-08-31,17:24:11,10.61,2.61,OK
78,2026-09-01,06:36:10,2026-09-01,19:23:51,12.79,4.79,OK
78,2026-09-02,06:38:24,2026-09-02,19:18:48,12.67,4.67,OK
78,2026-09-03,06:45:08,2026-09-03,09:06:43,2.36,0.0,OK
78,2026-09-10,06:36:18,2026-09-10,19:18:18,12.7,4.7,OK
78,2026-09-14,06:35:53,2026-09-14,19:19:53,12.73,4.73,OK
78,2026-09-15,06:33:25,2026-09-15,19:37:38,13.07,5.07,OK
78,2026-09-16,06:39:22,2026-09-16,19:16:51,12.62,4.62,OK
78,2026-09-17,06:42:47,2026-09-17,19:15:18,12.54,4.54,OK
78,2026-09-18,06:42:19,2026-09-18,19:20:08,12.63,4.63,OK
78,2026-09-21,06:48:46,2026-09-21,19:38:58,12.84,4.84,OK
78,2026-09-22,06:45:14,2026-09-22,19:19:14,12.57,4.57,OK
79,2026-08-26,07:06:14,2026-08-26,17:01:08,9.91,1.91,OK
79,2026-08-27,07:03:44,2026-08-27,17:00:29,9.95,1.95,OK
79,2026-08-28,07:03:58,2026-08-28,17:00:42,9.95,1.95,OK
79,2026-08-31,07:06:36,2026-08-31,18:20:16,11.23,3.23,OK
79,2026-09-01,07:17:41,2026-09-01,19:01:03,11.72,3.72,OK
79,2026-09-02,07:32:34,2026-09-02,17:53:13,10.34,2.34,OK
79,2026-09-03,07:03:40,2026-09-03,18:59:01,11.92,3.92,OK
79,2026-09-04,07:03:49,2026-09-04,18:55:10,11.86,3.86,OK
79,2026-09-07,07:24:36,2026-09-07,17:02:12,9.63,1.63,OK
79,2026-09-08,07:03:07,2026-09-08,19:04:52,12.03,4.03,OK
79,2026-09-09,07:00:53,2026-09-09,17:14:07,10.22,2.22,OK
79,2026-09-10,07:06:15,2026-09-10,18:32:22,11.44,3.44,OK
79,2026-09-11,06:57:51,2026-09-11,19:00:45,12.05,4.05,OK
79,2026-09-14,07:18:28,2026-09-14,19:21:48,12.06,4.06,OK
79,2026-09-15,07:01:58,2026-09-15,18:41:37,11.66,3.66,OK
79,2026-09-16,07:04:32,2026-09-16,18:07:27,11.05,3.05,OK
79,2026-09-17,07:05:03,2026-09-17,19:11:06,12.1,4.1,OK
79,2026-09-18,07:01:43,2026-09-18,19:01:30,12.0,4.0,OK
79,2026-09-21,07:13:05,2026-09-21,19:15:35,12.04,4.04,OK
79,2026-09-22,07:09:49,2026-09-22,17:00:47,9.85,1.85,OK
79,2026-09-23,07:03:47,2026-09-23,17:00:18,9.94,1.94,OK
79,2026-09-24,07:10:36,2026-09-24,17:01:53,9.85,1.85,OK
80,2026-08-26,06:33:48,2026-08-26,19:18:11,12.74,4.74,OK
80,2026-08-27,06:35:38,2026-08-27,19:51:44,13.27,5.27,OK
80,2026-08-28,06:44:57,2026-08-28,17:16:33,10.53,2.53,OK
80,2026-09-01,18:24:09,2026-09-02,07:58:41,13.58,5.58,OK
80,2026-09-03,06:41:53,2026-09-03,19:34:43,12.88,4.88,OK
80,2026-09-04,18:27:57,2026-09-05,08:34:16,14.11,6.11,OK
80,2026-09-07,06:44:42,2026-09-07,17:23:17,10.64,2.64,OK
80,2026-09-08,06:41:20,2026-09-08,18:46:23,12.08,4.08,OK
80,2026-09-09,06:40:55,2026-09-09,19:18:15,12.62,4.62,OK
80,2026-09-10,06:39:14,2026-09-10,19:23:17,12.73,4.73,OK
80,2026-09-11,06:37:58,2026-09-11,19:22:33,12.74,4.74,OK
80,2026-09-15,06:43:46,2026-09-15,19:58:48,13.25,5.25,OK
80,2026-09-17,18:24:30,2026-09-18,07:48:24,13.4,5.4,OK
80,2026-09-18,18:26:34,2026-09-19,07:23:00,12.94,4.94,OK
80,2026-09-21,06:44:52,2026-09-21,19:41:45,12.95,4.95,OK
80,2026-09-22,06:45:48,2026-09-22,19:12:55,12.45,4.45,OK
80,2026-09-23,06:48:23,2026-09-23,17:18:08,10.5,2.5,OK
80,2026-09-24,07:01:21,2026-09-24,17:12:34,10.19,2.19,OK
83,2026-08-25,11:29:07,2026-08-25,17:41:25,6.2,0.0,OK
83,2026-08-26,06:20:53,2026-08-26,19:27:04,13.1,5.1,OK
83,2026-08-27,06:10:25,2026-08-27,19:57:02,13.78,5.78,OK
83,2026-08-31,06:21:19,2026-08-31,18:09:34,11.8,3.8,OK
83,2026-09-01,06:32:56,2026-09-01,19:38:15,13.09,5.09,OK
83,2026-09-02,06:49:42,2026-09-02,19:44:29,12.91,4.91,OK
83,2026-09-03,06:18:17,2026-09-03,19:30:54,13.21,5.21,OK
83,2026-09-04,06:56:39,2026-09-04,20:20:17,13.39,5.39,OK
83,2026-09-10,06:55:58,2026-09-10,19:23:11,12.45,4.45,OK
83,2026-09-11,18:44:47,2026-09-12,07:29:57,12.75,4.75,OK
83,2026-09-14,06:48:36,2026-09-14,19:28:03,12.66,4.66,OK
83,2026-09-15,07:09:24,2026-09-15,20:07:01,12.96,4.96,OK
83,2026-09-16,06:10:48,2026-09-16,19:26:28,13.26,5.26,OK
83,2026-09-17,06:12:53,2026-09-17,19:23:29,13.18,5.18,OK
83,2026-09-18,06:30:34,2026-09-18,19:33:50,13.05,5.05,OK
83,2026-09-21,06:42:07,2026-09-21,19:44:27,13.04,5.04,OK
83,2026-09-22,06:34:00,2026-09-22,19:22:10,12.8,4.8,OK
85,2026-08-26,06:54:21,2026-08-26,19:12:56,12.31,4.31,OK
85,2026-08-27,07:22:10,2026-08-27,19:46:37,12.41,4.41,OK
85,2026-08-31,07:04:09,2026-08-31,17:23:06,10.32,2.32,OK
85,2026-09-01,06:49:38,2026-09-01,19:19:53,12.5,4.5,OK
85,2026-09-02,07:10:32,2026-09-02,19:25:12,12.24,4.24,OK
85,2026-09-03,06:58:54,2026-09-03,19:26:23,12.46,4.46,OK
85,2026-09-04,07:07:19,2026-09-04,19:20:54,12.23,4.23,OK
85,2026-09-10,07:12:47,2026-09-10,19:15:45,12.05,4.05,OK
85,2026-09-11,18:29:26,2026-09-12,07:17:55,12.81,4.81,OK
85,2026-09-14,06:38:29,2026-09-14,19:19:48,12.69,4.69,OK
85,2026-09-15,06:58:54,2026-09-15,20:01:27,13.04,5.04,OK
85,2026-09-16,06:50:37,2026-09-16,19:25:47,12.59,4.59,OK
85,2026-09-17,06:48:27,2026-09-17,19:26:48,12.64,4.64,OK
85,2026-09-21,06:53:09,2026-09-21,19:38:32,12.76,4.76,OK
85,2026-09-22,07:06:14,2026-09-22,19:10:25,12.07,4.07,OK
88,2026-08-26,07:39:18,2026-08-26,18:25:57,10.78,2.78,OK
88,2026-08-27,07:25:44,2026-08-27,18:15:07,10.82,2.82,OK
88,2026-08-28,07:10:14,2026-08-28,17:35:49,10.43,2.43,OK
88,2026-08-31,07:09:37,2026-08-31,17:34:13,10.41,2.41,OK
88,2026-09-01,07:07:32,2026-09-01,19:18:01,12.17,4.17,OK
88,2026-09-02,07:44:57,2026-09-02,18:21:21,10.61,2.61,OK
88,2026-09-03,07:23:37,2026-09-03,19:10:40,11.78,3.78,OK
88,2026-09-04,06:54:43,2026-09-04,18:59:19,12.08,4.08,OK
88,2026-09-07,07:33:42,2026-09-07,18:54:47,11.35,3.35,OK
88,2026-09-08,07:11:09,2026-09-08,18:51:08,11.67,3.67,OK
88,2026-09-09,07:21:56,2026-09-09,18:25:21,11.06,3.06,OK
88,2026-09-10,06:55:20,2026-09-10,18:32:55,11.63,3.63,OK
88,2026-09-11,07:17:04,2026-09-11,19:36:03,12.32,4.32,OK
88,2026-09-14,07:10:11,2026-09-14,19:06:20,11.94,3.94,OK
88,2026-09-15,07:07:53,2026-09-21,19:33:30,156.43,148.43,OK
88,2026-09-16,07:08:14,2026-09-21,19:33:30,132.42,124.42,OK
88,2026-09-17,07:13:17,2026-09-21,19:33:30,108.34,100.34,OK
88,2026-09-18,07:53:18,2026-09-21,19:33:30,83.67,75.67,OK
88,2026-09-21,07:29:33,2026-09-21,19:33:30,12.07,4.07,OK
88,2026-09-22,07:49:22,2026-09-23,17:41:58,33.88,25.88,OK
88,2026-09-23,07:04:17,2026-09-23,17:41:58,10.63,2.63,OK
88,2026-09-24,07:38:03,MISSING,MISSING,0.0,0.0,MISSING CLOSING CLOCK
9,2026-08-25,06:45:30,2026-08-25,16:25:37,9.67,1.67,OK
9,2026-08-26,06:36:44,2026-08-26,17:37:06,11.01,3.01,OK
9,2026-08-27,06:18:09,2026-08-27,18:20:23,12.04,4.04,OK
9,2026-08-28,06:35:28,2026-08-28,17:01:19,10.43,2.43,OK
9,2026-08-31,06:28:00,2026-08-31,17:35:36,11.13,3.13,OK
9,2026-09-01,18:36:58,2026-09-03,18:56:27,48.32,40.32,OK
9,2026-09-03,06:36:15,2026-09-03,18:56:27,12.34,4.34,OK
9,2026-09-04,18:24:52,2026-09-05,08:30:24,14.09,6.09,OK
9,2026-09-07,06:23:04,2026-09-07,17:17:42,10.91,2.91,OK
9,2026-09-08,06:25:05,2026-09-08,17:37:57,11.21,3.21,OK
9,2026-09-09,06:30:50,2026-09-09,18:15:23,11.74,3.74,OK
9,2026-09-10,06:35:21,2026-09-10,18:16:54,11.69,3.69,OK
9,2026-09-11,06:24:35,2026-09-11,19:34:13,13.16,5.16,OK
9,2026-09-12,08:21:16,2026-09-12,19:20:39,10.99,2.99,OK
9,2026-09-14,06:23:04,2026-09-14,18:46:42,12.39,4.39,OK
9,2026-09-15,06:30:19,2026-09-15,19:32:19,13.03,5.03,OK
9,2026-09-16,06:30:33,2026-09-16,19:11:22,12.68,4.68,OK
9,2026-09-17,06:28:50,2026-09-17,19:24:14,12.92,4.92,OK
9,2026-09-18,06:31:05,2026-09-18,19:50:42,13.33,5.33,OK
9,2026-09-19,07:33:51,2026-09-19,13:16:50,5.72,0.0,OK
9,2026-09-21,06:34:18,2026-09-21,19:17:34,12.72,4.72,OK
9,2026-09-22,06:38:16,2026-09-22,19:02:40,12.41,4.41,OK
9,2026-09-23,06:32:40,2026-09-23,17:19:43,10.78,2.78,OK
9,2026-09-24,06:32:59,2026-09-24,14:39:01,8.1,0.1,OK
90,2026-08-31,07:19:38,2026-08-31,18:21:09,11.03,3.03,OK
90,2026-09-01,06:51:24,2026-09-01,20:59:14,14.13,6.13,OK
90,2026-09-02,06:57:43,2026-09-02,20:37:13,13.66,5.66,OK
90,2026-09-03,06:53:32,2026-09-03,19:58:18,13.08,5.08,OK
90,2026-09-04,06:45:24,2026-09-04,19:24:26,12.65,4.65,OK
90,2026-09-07,06:52:33,2026-09-07,17:28:43,10.6,2.6,OK
90,2026-09-08,06:52:51,2026-09-08,19:24:59,12.54,4.54,OK
90,2026-09-09,06:42:41,2026-09-09,19:04:14,12.36,4.36,OK
90,2026-09-10,06:50:04,2026-09-10,19:25:18,12.59,4.59,OK
90,2026-09-11,06:44:36,2026-09-11,20:39:50,13.92,5.92,OK
90,2026-09-14,06:43:16,2026-09-14,19:27:16,12.73,4.73,OK
90,2026-09-15,06:41:33,2026-09-15,19:45:34,13.07,5.07,OK
90,2026-09-16,06:44:38,2026-09-16,19:32:10,12.79,4.79,OK
90,2026-09-17,06:45:42,2026-09-17,19:48:58,13.05,5.05,OK
90,2026-09-18,06:35:33,2026-09-18,21:15:08,14.66,6.66,OK
90,2026-09-19,07:53:37,2026-09-19,14:01:35,6.13,0.0,OK
90,2026-09-21,06:44:27,2026-09-21,19:21:28,12.62,4.62,OK
90,2026-09-22,06:47:15,2026-09-22,20:02:22,13.25,5.25,OK
90,2026-09-23,06:53:53,2026-09-23,18:07:58,11.23,3.23,OK
90,2026-09-24,06:46:26,2026-09-24,17:18:47,10.54,2.54,OK
91,2026-08-26,06:48:21,2026-08-27,19:52:20,37.07,29.07,OK
91,2026-08-26,19:22:33,2026-08-27,19:52:20,24.5,16.5,OK
91,2026-08-27,06:42:29,2026-08-27,19:52:20,13.16,5.16,OK
91,2026-08-28,07:01:12,2026-08-28,17:20:01,10.31,2.31,OK
91,2026-09-01,18:07:33,2026-09-02,08:05:16,13.96,5.96,OK
91,2026-09-03,07:18:24,2026-09-03,19:30:22,12.2,4.2,OK
91,2026-09-04,18:43:22,2026-09-05,08:34:46,13.86,5.86,OK
91,2026-09-07,06:51:48,2026-09-07,17:23:29,10.53,2.53,OK
91,2026-09-08,06:48:21,2026-09-08,18:45:07,11.95,3.95,OK
91,2026-09-09,06:41:08,2026-09-09,19:19:01,12.63,4.63,OK
91,2026-09-10,06:45:06,2026-09-10,19:26:56,12.7,4.7,OK
91,2026-09-11,06:46:07,2026-09-11,19:26:17,12.67,4.67,OK
91,2026-09-14,07:16:50,2026-09-14,19:26:55,12.17,4.17,OK
91,2026-09-15,07:04:09,2026-09-15,19:38:08,12.57,4.57,OK
91,2026-09-17,18:46:41,2026-09-18,07:49:51,13.05,5.05,OK
91,2026-09-18,18:18:59,2026-09-19,07:28:33,13.16,5.16,OK
91,2026-09-21,06:49:54,2026-09-21,19:33:03,12.72,4.72,OK
91,2026-09-22,06:58:11,2026-09-22,19:16:09,12.3,4.3,OK
91,2026-09-23,06:54:41,2026-09-23,17:19:32,10.41,2.41,OK
91,2026-09-24,07:12:15,2026-09-24,17:25:23,10.22,2.22,OK
92,2026-08-26,06:45:51,2026-08-26,19:14:39,12.48,4.48,OK
92,2026-08-27,06:23:35,2026-08-27,19:54:26,13.51,5.51,OK
92,2026-08-28,06:48:06,2026-08-28,17:17:57,10.5,2.5,OK
92,2026-09-01,18:46:09,2026-09-02,07:24:49,12.64,4.64,OK
92,2026-09-03,06:56:56,2026-09-03,19:36:16,12.66,4.66,OK
92,2026-09-04,18:43:52,2026-09-05,08:31:44,13.8,5.8,OK
92,2026-09-07,06:50:17,2026-09-07,17:34:02,10.73,2.73,OK
92,2026-09-08,06:52:26,2026-09-08,18:43:15,11.85,3.85,OK
92,2026-09-09,06:39:52,2026-09-09,19:09:40,12.5,4.5,OK
92,2026-09-10,06:39:08,2026-09-10,19:49:10,13.17,5.17,OK
92,2026-09-11,06:46:13,2026-09-11,19:38:28,12.87,4.87,OK
92,2026-09-14,08:57:18,2026-09-14,19:35:49,10.64,2.64,OK
92,2026-09-15,06:55:26,2026-09-15,19:35:56,12.68,4.68,OK
92,2026-09-17,18:49:57,2026-09-18,08:42:23,13.87,5.87,OK
92,2026-09-18,18:50:38,2026-09-19,07:27:59,12.62,4.62,OK
92,2026-09-21,06:46:44,2026-09-21,19:30:55,12.74,4.74,OK
92,2026-09-22,06:48:21,2026-09-22,19:23:03,12.58,4.58,OK
92,2026-09-23,06:53:11,2026-09-23,17:24:18,10.52,2.52,OK
92,2026-09-24,07:14:24,2026-09-24,17:16:26,10.03,2.03,OK
93,2026-08-26,07:38:42,2026-08-26,17:47:39,10.15,2.15,OK
93,2026-08-27,07:13:54,2026-08-27,17:45:06,10.52,2.52,OK
93,2026-08-28,06:48:49,2026-08-28,17:27:22,10.64,2.64,OK
93,2026-08-31,07:23:06,2026-08-31,17:30:46,10.13,2.13,OK
93,2026-09-01,07:18:15,2026-09-01,18:52:01,11.56,3.56,OK
93,2026-09-02,07:56:54,2026-09-02,18:23:00,10.44,2.44,OK
93,2026-09-03,07:08:26,2026-09-03,18:26:33,11.3,3.3,OK
93,2026-09-04,07:19:51,2026-09-04,17:07:54,9.8,1.8,OK
93,2026-09-07,06:13:32,2026-09-07,17:11:27,10.97,2.97,OK
93,2026-09-08,05:57:39,2026-09-08,18:28:40,12.52,4.52,OK
93,2026-09-10,07:54:18,2026-09-10,17:47:32,9.89,1.89,OK
93,2026-09-11,07:20:07,2026-09-11,19:02:42,11.71,3.71,OK
93,2026-09-12,08:21:07,2026-09-12,19:21:22,11.0,3.0,OK
93,2026-09-14,06:59:16,2026-09-14,17:55:27,10.94,2.94,OK
93,2026-09-15,07:37:33,2026-09-15,20:05:03,12.46,4.46,OK
93,2026-09-16,07:05:53,2026-09-16,19:01:32,11.93,3.93,OK
93,2026-09-17,07:44:56,2026-09-17,20:06:02,12.35,4.35,OK
93,2026-09-18,07:07:34,2026-09-18,19:31:56,12.41,4.41,OK
93,2026-09-21,07:27:10,2026-09-21,18:42:28,11.26,3.26,OK
93,2026-09-23,08:47:47,2026-09-23,17:56:52,9.15,1.15,OK
95,2026-08-26,06:37:15,2026-08-26,19:17:26,12.67,4.67,OK
95,2026-09-01,06:31:42,2026-09-01,19:28:44,12.95,4.95,OK
95,2026-09-02,06:40:48,2026-09-02,19:31:20,12.84,4.84,OK
95,2026-09-03,06:38:15,2026-09-03,19:27:54,12.83,4.83,OK
95,2026-09-04,06:38:44,2026-09-04,19:21:01,12.7,4.7,OK
95,2026-09-10,07:26:27,2026-09-10,19:23:25,11.95,3.95,OK
95,2026-09-11,17:57:22,2026-09-12,07:17:46,13.34,5.34,OK
95,2026-09-14,06:20:47,2026-09-14,19:25:15,13.07,5.07,OK
95,2026-09-15,06:39:19,2026-09-15,19:40:26,13.02,5.02,OK
95,2026-09-16,06:39:46,2026-09-16,19:24:16,12.74,4.74,OK
95,2026-09-17,06:35:09,2026-09-17,19:17:19,12.7,4.7,OK
95,2026-09-18,06:20:29,2026-09-18,19:22:27,13.03,5.03,OK
95,2026-09-21,06:40:05,2026-09-21,19:33:46,12.89,4.89,OK
95,2026-09-22,06:34:09,2026-09-22,14:21:41,7.79,0.0,OK
96,2026-08-26,06:46:50,2026-08-26,19:18:22,12.53,4.53,OK
96,2026-08-27,06:35:51,2026-08-27,19:51:39,13.26,5.26,OK
96,2026-08-28,06:58:24,2026-08-28,17:16:44,10.31,2.31,OK
96,2026-09-01,18:55:39,2026-09-02,07:59:01,13.06,5.06,OK
96,2026-09-03,06:44:24,2026-09-03,19:35:04,12.84,4.84,OK
96,2026-09-04,18:53:29,2026-09-05,08:34:22,13.68,5.68,OK
96,2026-09-07,06:50:36,2026-09-07,17:23:43,10.55,2.55,OK
96,2026-09-08,06:37:43,2026-09-08,18:46:41,12.15,4.15,OK
96,2026-09-09,06:18:09,2026-09-09,19:18:21,13.0,5.0,OK
96,2026-09-10,06:24:25,2026-09-10,19:23:52,12.99,4.99,OK
96,2026-09-11,06:36:32,2026-09-11,19:22:24,12.76,4.76,OK
96,2026-09-14,08:34:10,2026-09-14,19:20:35,10.77,2.77,OK
96,2026-09-15,06:57:07,2026-09-15,19:59:39,13.04,5.04,OK
96,2026-09-17,18:37:06,2026-09-18,07:48:08,13.18,5.18,OK
96,2026-09-18,18:24:25,2026-09-19,07:24:15,13.0,5.0,OK
96,2026-09-21,07:10:38,2026-09-21,19:41:50,12.52,4.52,OK
96,2026-09-22,06:51:52,2026-09-22,19:12:58,12.35,4.35,OK
96,2026-09-23,06:54:28,2026-09-23,17:18:19,10.4,2.4,OK
96,2026-09-24,07:16:55,2026-09-24,17:12:17,9.92,1.92,OK
97,2026-08-26,06:40:52,2026-08-26,19:20:45,12.66,4.66,OK
97,2026-08-27,06:42:57,2026-08-27,19:47:54,13.08,5.08,OK
97,2026-08-28,06:52:30,2026-08-28,17:15:24,10.38,2.38,OK
97,2026-09-01,18:00:01,2026-09-02,08:12:40,14.21,6.21,OK
97,2026-09-07,06:53:12,2026-09-07,17:19:11,10.43,2.43,OK
97,2026-09-08,06:40:24,2026-09-08,18:51:37,12.19,4.19,OK
97,2026-09-09,06:38:34,2026-09-09,19:11:52,12.56,4.56,OK
97,2026-09-10,06:39:03,2026-09-10,19:21:33,12.71,4.71,OK
97,2026-09-11,06:42:38,2026-09-11,19:29:17,12.78,4.78,OK
97,2026-09-14,06:44:38,2026-09-14,19:24:30,12.66,4.66,OK
97,2026-09-15,06:48:34,2026-09-15,19:37:53,12.82,4.82,OK
97,2026-09-17,18:24:08,2026-09-18,07:47:34,13.39,5.39,OK
97,2026-09-18,18:16:30,2026-09-19,07:19:08,13.04,5.04,OK
97,2026-09-21,07:06:13,2026-09-21,10:59:21,3.89,0.0,OK
97,2026-09-23,06:36:51,2026-09-23,17:13:07,10.6,2.6,OK
97,2026-09-24,07:05:53,2026-09-24,17:17:41,10.2,2.2,OK
98,2026-08-26,06:46:35,2026-08-26,19:12:59,12.44,4.44,OK
98,2026-08-27,07:05:39,2026-08-27,19:46:59,12.69,4.69,OK
98,2026-08-28,07:10:45,2026-08-28,17:14:50,10.07,2.07,OK
98,2026-09-01,18:32:15,2026-09-02,07:44:33,13.2,5.2,OK
98,2026-09-03,06:47:15,2026-09-03,19:24:38,12.62,4.62,OK
98,2026-09-04,18:27:50,2026-09-05,08:29:16,14.02,6.02,OK
98,2026-09-07,07:06:03,2026-09-07,17:18:35,10.21,2.21,OK
98,2026-09-08,06:43:12,2026-09-08,18:42:47,11.99,3.99,OK
98,2026-09-09,06:59:11,2026-09-09,19:10:50,12.19,4.19,OK
98,2026-09-10,06:39:46,2026-09-10,19:19:04,12.66,4.66,OK
98,2026-09-11,06:39:01,2026-09-11,19:39:35,13.01,5.01,OK
98,2026-09-14,09:41:22,2026-09-14,19:17:50,9.61,1.61,OK
98,2026-09-15,06:45:12,2026-09-15,20:06:29,13.35,5.35,OK
98,2026-09-17,18:38:28,2026-09-18,07:44:07,13.09,5.09,OK
98,2026-09-18,18:38:56,2026-09-19,07:23:07,12.74,4.74,OK
98,2026-09-21,06:42:04,2026-09-21,19:38:16,12.94,4.94,OK
98,2026-09-22,06:55:55,2026-09-22,19:10:57,12.25,4.25,OK
98,2026-09-23,06:54:22,2026-09-23,17:15:36,10.35,2.35,OK
98,2026-09-24,07:29:27,2026-09-24,17:20:42,9.85,1.85,OK
99,2026-08-26,06:50:26,2026-08-26,19:14:09,12.4,4.4,OK
99,2026-08-27,06:47:06,2026-08-27,19:47:29,13.01,5.01,OK
99,2026-08-31,06:48:38,2026-08-31,17:15:20,10.44,2.44,OK
99,2026-09-01,06:56:32,2026-09-01,19:22:08,12.43,4.43,OK
99,2026-09-02,07:03:32,2026-09-02,19:24:09,12.34,4.34,OK
99,2026-09-03,06:55:53,2026-09-03,19:18:57,12.38,4.38,OK
99,2026-09-04,06:51:44,2026-09-04,19:28:28,12.61,4.61,OK
99,2026-09-10,06:48:14,2026-09-10,19:14:39,12.44,4.44,OK
99,2026-09-11,18:52:19,2026-09-12,07:20:09,12.46,4.46,OK
99,2026-09-14,06:49:43,2026-09-14,19:12:56,12.39,4.39,OK
99,2026-09-15,06:55:12,2026-09-15,19:32:00,12.61,4.61,OK
99,2026-09-16,06:51:29,2026-09-16,19:15:10,12.39,4.39,OK
99,2026-09-17,06:51:49,2026-09-17,19:17:59,12.44,4.44,OK
99,2026-09-18,06:48:52,2026-09-18,19:24:37,12.6,4.6,OK
99,2026-09-21,06:52:33,2026-09-21,19:30:42,12.64,4.64,OK
99,2026-09-22,06:57:50,2026-09-22,19:10:01,12.2,4.2,OK
